Symbol,Date,Initial Balance,End Balance,StartTime,EndTime,Full Date Time,Profit/Loss,DiffTime,
TSLA,20231016,100000.0,99972.35,1028,1029,'202310161028,-27.64999999999418,1,
TSLA,20231016,99972.35,99950.23,1045,1047,'202310161045,-22.120000000009895,2,
TSLA,20231016,99950.23,99946.28,1051,1058,'202310161051,-3.9499999999970896,7,
TSLA,20231016,99946.28,99924.16,1102,1106,'202310161102,-22.119999999995343,4,
TSLA,20231016,99924.16,99871.23,1110,1115,'202310161110,-52.93000000000757,5,
TSLA,20231016,99871.23,99860.17,1122,1125,'202310161122,-11.059999999997672,3,
TSLA,20231016,99860.17,99845.95,1129,1130,'202310161129,-14.220000000001164,1,
TSLA,20231016,99845.95,99816.72,1134,1205,'202310161134,-29.229999999995925,31,
TSLA,20231016,99816.72,99777.22,1323,1329,'202310161323,-39.5,6,
TSLA,20231016,99777.22,99902.04,1351,1429,'202310161351,124.81999999999243,38,
TSLA,20231016,99902.04,99880.98,1433,1437,'202310161433,-21.05999999999767,4,
TSLA,20231016,99880.98,99872.4,1532,1535,'202310161532,-8.580000000001746,3,
TSLA,20231016,99872.4,99862.26,1539,1542,'202310161539,-10.139999999999418,3,
TSLA,20231016,99862.26,99845.88,1546,1548,'202310161546,-16.379999999990105,2,
TSLA,20231017,99845.88,99969.08,0933,0955,'202310170933,123.19999999999709,22,
TSLA,20231017,99969.08,99924.28,0959,1000,'202310170959,-44.80000000000291,1,
TSLA,20231017,99924.28,99911.48,1004,1005,'202310171004,-12.80000000000291,1,
TSLA,20231017,99911.48,99889.36,1013,1018,'202310171013,-22.119999999995343,5,
TSLA,20231017,99889.36,99898.84,1022,1029,'202310171022,9.479999999995925,7,
TSLA,20231017,99898.84,100033.14,1033,1053,'202310171033,134.3000000000029,20,
TSLA,20231017,100033.14,100002.72,1057,1102,'202310171057,-30.419999999998254,5,
TSLA,20231017,100002.72,100055.65,1106,1131,'202310171106,52.929999999993015,25,
TSLA,20231017,100055.65,99998.71,1135,1138,'202310171135,-56.939999999987776,3,
TSLA,20231017,99998.71,99993.25,1142,1143,'202310171142,-5.460000000006403,1,
TSLA,20231017,99993.25,100151.59,1147,1220,'202310171147,158.3399999999965,33,
TSLA,20231017,100151.59,100133.65,1224,1226,'202310171224,-17.94000000000233,2,
TSLA,20231017,100133.65,100114.4,1242,1244,'202310171242,-19.25,2,
TSLA,20231017,100114.4,100051.26,1248,1257,'202310171248,-63.13999999999942,9,
TSLA,20231017,100051.26,100041.12,1318,1319,'202310171318,-10.139999999999418,1,
TSLA,20231017,100041.12,100041.12,1323,1344,'202310171323,0.0,21,
TSLA,20231017,100041.12,100016.16,1348,1349,'202310171348,-24.95999999999185,1,
TSLA,20231017,100016.16,99990.42,1353,1400,'202310171353,-25.74000000000524,7,
TSLA,20231017,99990.42,99970.14,1404,1408,'202310171404,-20.279999999998836,4,
TSLA,20231017,99970.14,99924.12,1441,1454,'202310171441,-46.020000000004075,13,
TSLA,20231017,99924.12,99890.58,1508,1520,'202310171508,-33.5399999999936,12,
TSLA,20231017,99890.58,99871.86,1545,1549,'202310171545,-18.720000000001164,4,
TSLA,20231017,99871.86,99833.64,1553,1554,'202310171553,-38.220000000001164,1,
TSLA,20231018,99833.64,99760.32,0933,0934,'202310180933,-73.31999999999243,1,
TSLA,20231018,99760.32,99713.71,1004,1006,'202310181004,-46.61000000000058,2,
TSLA,20231018,99713.71,99716.87,1010,1019,'202310181010,3.1599999999889405,9,
TSLA,20231018,99716.87,99705.81,1023,1024,'202310181023,-11.059999999997672,1,
TSLA,20231018,99705.81,99912.0,1028,1102,'202310181028,206.19000000000233,34,
TSLA,20231018,99912.0,99900.8,1106,1117,'202310181106,-11.19999999999709,11,
TSLA,20231018,99900.8,99865.6,1121,1130,'202310181121,-35.19999999999709,9,
TSLA,20231018,99865.6,99927.2,1134,1155,'202310181134,61.59999999999127,21,
TSLA,20231018,99927.2,99922.4,1159,1204,'202310181159,-4.80000000000291,5,
TSLA,20231018,99922.4,99906.4,1208,1209,'202310181208,-16.0,1,
TSLA,20231018,99906.4,99887.77,1225,1227,'202310181225,-18.629999999990105,2,
TSLA,20231018,99887.77,100026.28,1231,1301,'202310181231,138.50999999999476,30,
TSLA,20231018,100026.28,100015.75,1318,1319,'202310181318,-10.529999999998836,1,
TSLA,20231018,100015.75,99998.74,1323,1325,'202310181323,-17.00999999999476,2,
TSLA,20231018,99998.74,99967.96,1329,1330,'202310181329,-30.779999999998836,1,
TSLA,20231018,99967.96,99942.04,1401,1402,'202310181401,-25.920000000012806,1,
TSLA,20231018,99942.04,99959.86,1406,1415,'202310181406,17.820000000006985,9,
TSLA,20231018,99959.86,99947.71,1419,1421,'202310181419,-12.14999999999418,2,
TSLA,20231018,99947.71,99943.66,1425,1439,'202310181425,-4.05000000000291,14,
TSLA,20231018,99943.66,99989.58,1445,1517,'202310181445,45.919999999998254,32,
TSLA,20231019,99989.58,100053.96,0933,0938,'202310190933,64.38000000000466,5,
TSLA,20231019,100053.96,100042.52,0942,0945,'202310190942,-11.440000000002328,3,
TSLA,20231019,100042.52,100006.92,0949,0950,'202310190949,-35.60000000000582,1,
TSLA,20231019,100006.92,100060.32,0954,1004,'202310190954,53.40000000000873,10,
TSLA,20231019,100060.32,100011.37,1008,1009,'202310191008,-48.95000000001164,1,
TSLA,20231019,100011.37,100217.29,1013,1035,'202310191013,205.91999999999825,22,
TSLA,20231019,100217.29,100342.78,1039,1055,'202310191039,125.49000000000524,16,
TSLA,20231019,100342.78,100285.18,1059,1100,'202310191059,-57.60000000000582,1,
TSLA,20231019,100285.18,100340.08,1115,1127,'202310191115,54.90000000000873,12,
TSLA,20231019,100340.08,100331.98,1131,1135,'202310191131,-8.10000000000582,4,
TSLA,20231019,100331.98,100368.88,1233,1239,'202310191233,36.90000000000873,6,
TSLA,20231019,100368.88,100340.67,1243,1247,'202310191243,-28.210000000006403,4,
TSLA,20231019,100340.67,100293.87,1251,1253,'202310191251,-46.80000000000291,2,
TSLA,20231019,100293.87,100254.27,1257,1301,'202310191257,-39.59999999999127,4,
TSLA,20231019,100254.27,100249.77,1335,1355,'202310191335,-4.5,20,
TSLA,20231019,100249.77,100256.07,1359,1417,'202310191359,6.30000000000291,18,
TSLA,20231019,100256.07,100197.83,1421,1422,'202310191421,-58.24000000000524,1,
TSLA,20231019,100197.83,100251.52,1426,1439,'202310191426,53.69000000000233,13,
TSLA,20231019,100251.52,100311.58,1443,1501,'202310191443,60.05999999999767,18,
TSLA,20231019,100311.58,100277.0,1526,1527,'202310191526,-34.580000000001746,1,
TSLA,20231019,100277.0,100251.52,1532,1540,'202310191532,-25.479999999995925,8,
TSLA,20231019,100251.52,100351.62,1551,1557,'202310191551,100.09999999999127,6,
TSLA,20231020,100351.62,100307.91,0933,0935,'202310200933,-43.70999999999185,2,
TSLA,20231020,100307.91,100274.79,0939,0941,'202310200939,-33.120000000009895,2,
TSLA,20231020,100274.79,100191.07,0945,0946,'202310200945,-83.71999999998661,1,
TSLA,20231020,100191.07,100157.03,0950,0951,'202310200950,-34.04000000000815,1,
TSLA,20231020,100157.03,100138.63,0955,0956,'202310200955,-18.39999999999418,1,
TSLA,20231020,100138.63,100097.68,1000,1006,'202310201000,-40.95000000001164,6,
TSLA,20231020,100097.68,100032.36,1010,1011,'202310201010,-65.31999999999243,1,
TSLA,20231020,100032.36,100002.92,1015,1017,'202310201015,-29.44000000000233,2,
TSLA,20231020,100002.92,99973.16,1058,1100,'202310201058,-29.75999999999476,2,
TSLA,20231020,99973.16,100162.88,1104,1125,'202310201104,189.72000000000116,21,
TSLA,20231020,100162.88,100208.94,1129,1139,'202310201129,46.05999999999767,10,
TSLA,20231020,100208.94,100167.58,1143,1148,'202310201143,-41.36000000000058,5,
TSLA,20231020,100167.58,100156.3,1210,1216,'202310201210,-11.279999999998836,6,
TSLA,20231020,100156.3,100124.68,1236,1238,'202310201236,-31.620000000009895,2,
TSLA,20231020,100124.68,100211.17,1242,1303,'202310201242,86.49000000000524,21,
TSLA,20231020,100211.17,100169.77,1318,1325,'202310201318,-41.39999999999418,7,
TSLA,20231020,100169.77,100133.89,1329,1335,'202310201329,-35.88000000000466,6,
TSLA,20231020,100133.89,100083.67,1339,1345,'202310201339,-50.220000000001164,6,
TSLA,20231020,100083.67,100065.07,1408,1409,'202310201408,-18.59999999999127,1,
TSLA,20231020,100065.07,100167.37,1413,1444,'202310201413,102.29999999998836,31,
TSLA,20231020,100167.37,100159.85,1448,1449,'202310201448,-7.519999999989523,1,
TSLA,20231020,100159.85,100157.03,1544,1548,'202310201544,-2.820000000006985,4,
TSLA,20231020,100157.03,100141.99,1552,1556,'202310201552,-15.039999999993597,4,
TSLA,20231023,100141.99,100458.79,0933,0945,'202310230933,316.79999999998836,12,
TSLA,20231023,100458.79,100405.44,0949,0950,'202310230949,-53.34999999999127,1,
TSLA,20231023,100405.44,100665.6,1008,1020,'202310231008,260.1600000000035,12,
TSLA,20231023,100665.6,100618.1,1024,1028,'202310231024,-47.5,4,
TSLA,20231023,100618.1,100580.1,1032,1033,'202310231032,-38.0,1,
TSLA,20231023,100580.1,100981.0,1037,1105,'202310231037,400.8999999999942,28,
TSLA,20231023,100981.0,101005.18,1109,1122,'202310231109,24.179999999993015,13,
TSLA,20231023,101005.18,101092.6,1126,1142,'202310231126,87.4200000000128,16,
TSLA,20231023,101092.6,101129.8,1205,1218,'202310231205,37.19999999999709,13,
TSLA,20231023,101129.8,101170.28,1254,1306,'202310231254,40.479999999995925,12,
TSLA,20231023,101170.28,101127.04,1310,1311,'202310231310,-43.24000000000524,1,
TSLA,20231023,101127.04,101086.12,1323,1331,'202310231323,-40.919999999998254,8,
TSLA,20231023,101086.12,101072.17,1359,1400,'202310231359,-13.94999999999709,1,
TSLA,20231023,101072.17,101074.03,1412,1426,'202310231412,1.860000000000582,14,
TSLA,20231023,101074.03,101086.12,1430,1437,'202310231430,12.089999999996508,7,
TSLA,20231023,101086.12,101112.16,1441,1446,'202310231441,26.04000000000815,5,
TSLA,20231023,101112.16,101097.28,1450,1453,'202310231450,-14.880000000004657,3,
TSLA,20231023,101097.28,101069.38,1457,1500,'202310231457,-27.89999999999418,3,
TSLA,20231023,101069.38,101116.81,1515,1541,'202310231515,47.429999999993015,26,
TSLA,20231023,101116.81,101171.33,1545,1557,'202310231545,54.520000000004075,12,
TSLA,20231024,101171.33,101277.13,0933,0935,'202310240933,105.80000000000291,2,
TSLA,20231024,101277.13,101259.84,0939,0941,'202310240939,-17.29000000000815,2,
TSLA,20231024,101259.84,101224.35,0945,0949,'202310240945,-35.48999999999069,4,
TSLA,20231024,101224.35,101447.3,0953,1010,'202310240953,222.9499999999971,17,
TSLA,20231024,101447.3,101375.3,1014,1018,'202310241014,-72.0,4,
TSLA,20231024,101375.3,101364.38,1058,1059,'202310241058,-10.919999999998254,1,
TSLA,20231024,101364.38,101317.06,1103,1104,'202310241103,-47.320000000006985,1,
TSLA,20231024,101317.06,101366.2,1108,1118,'202310241108,49.13999999999942,10,
TSLA,20231024,101366.2,101339.52,1122,1125,'202310241122,-26.679999999993015,3,
TSLA,20231024,101339.52,101300.88,1129,1133,'202310241129,-38.63999999999942,4,
TSLA,20231024,101300.88,101292.6,1137,1143,'202310241137,-8.279999999998836,6,
TSLA,20231024,101292.6,101277.88,1147,1154,'202310241147,-14.720000000001164,7,
TSLA,20231024,101277.88,101405.76,1217,1249,'202310241217,127.8799999999901,32,
TSLA,20231024,101405.76,101394.6,1253,1254,'202310241253,-11.15999999998894,1,
TSLA,20231024,101394.6,101370.68,1310,1311,'202310241310,-23.920000000012806,1,
TSLA,20231024,101370.68,101501.32,1315,1334,'202310241315,130.64000000001397,19,
TSLA,20231024,101501.32,101470.38,1338,1356,'202310241338,-30.94000000000233,18,
TSLA,20231024,101470.38,101448.54,1400,1402,'202310241400,-21.84000000001106,2,
TSLA,20231024,101448.54,101423.97,1406,1408,'202310241406,-24.569999999992433,2,
TSLA,20231024,101423.97,101403.73,1433,1434,'202310241433,-20.24000000000524,1,
TSLA,20231024,101403.73,101389.93,1438,1439,'202310241438,-13.80000000000291,1,
TSLA,20231024,101389.93,101375.21,1443,1445,'202310241443,-14.719999999986612,2,
TSLA,20231024,101375.21,101353.13,1449,1450,'202310241449,-22.080000000001746,1,
TSLA,20231024,101353.13,101326.45,1454,1501,'202310241454,-26.680000000007567,7,
TSLA,20231024,101326.45,101306.21,1505,1513,'202310241505,-20.239999999990687,8,
TSLA,20231024,101306.21,101308.97,1517,1540,'202310241517,2.7599999999947613,23,
TSLA,20231025,101308.97,101272.7,0933,0934,'202310250933,-36.270000000004075,1,
TSLA,20231025,101272.7,101202.63,0940,0941,'202310250940,-70.06999999999243,1,
TSLA,20231025,101202.63,101106.95,0945,0946,'202310250945,-95.68000000000757,1,
TSLA,20231025,101106.95,101049.62,1005,1006,'202310251005,-57.330000000001746,1,
TSLA,20231025,101049.62,100996.84,1010,1011,'202310251010,-52.779999999998836,1,
TSLA,20231025,100996.84,100945.88,1034,1036,'202310251034,-50.95999999999185,2,
TSLA,20231025,100945.88,101019.59,1040,1051,'202310251040,73.70999999999185,11,
TSLA,20231025,101019.59,100999.57,1108,1118,'202310251108,-20.019999999989523,10,
TSLA,20231025,100999.57,100975.91,1122,1124,'202310251122,-23.660000000003492,2,
TSLA,20231025,100975.91,100909.48,1128,1131,'202310251128,-66.43000000000757,3,
TSLA,20231025,100909.48,100897.52,1158,1205,'202310251158,-11.959999999991851,7,
TSLA,20231025,100897.52,100851.52,1209,1213,'202310251209,-46.0,4,
TSLA,20231025,100851.52,100821.16,1242,1244,'202310251242,-30.360000000000582,2,
TSLA,20231025,100821.16,100784.36,1248,1255,'202310251248,-36.80000000000291,7,
TSLA,20231025,100784.36,100765.04,1259,1300,'202310251259,-19.320000000006985,1,
TSLA,20231025,100765.04,100739.28,1307,1308,'202310251307,-25.75999999999476,1,
TSLA,20231025,100739.28,100718.12,1312,1314,'202310251312,-21.160000000003492,2,
TSLA,20231025,100718.12,100903.04,1318,1350,'202310251318,184.91999999999825,32,
TSLA,20231025,100903.04,100877.0,1354,1355,'202310251354,-26.039999999993597,1,
TSLA,20231025,100877.0,100829.16,1417,1422,'202310251417,-47.83999999999651,5,
TSLA,20231025,100829.16,100804.32,1426,1428,'202310251426,-24.839999999996508,2,
TSLA,20231025,100804.32,100793.16,1453,1454,'202310251453,-11.160000000003492,1,
TSLA,20231025,100793.16,100815.48,1511,1533,'202310251511,22.319999999992433,22,
TSLA,20231025,100815.48,100787.58,1537,1538,'202310251537,-27.89999999999418,1,
TSLA,20231025,100787.58,100832.22,1542,1557,'202310251542,44.63999999999942,15,
TSLA,20231026,100832.22,101007.06,0937,0940,'202310260937,174.8399999999965,3,
TSLA,20231026,101007.06,101174.26,0944,0949,'202310260944,167.1999999999971,5,
TSLA,20231026,101174.26,101061.94,0953,0954,'202310260953,-112.31999999999243,1,
TSLA,20231026,101061.94,100960.18,0958,0959,'202310260958,-101.76000000000931,1,
TSLA,20231026,100960.18,100941.94,1003,1005,'202310261003,-18.239999999990687,2,
TSLA,20231026,100941.94,100877.34,1009,1010,'202310261009,-64.60000000000582,1,
TSLA,20231026,100877.34,100858.34,1014,1015,'202310261014,-19.0,1,
TSLA,20231026,100858.34,100763.34,1019,1025,'202310261019,-95.0,6,
TSLA,20231026,100763.34,100718.22,1046,1055,'202310261046,-45.11999999999534,9,
TSLA,20231026,100718.22,100687.2,1059,1100,'202310261059,-31.020000000004075,1,
TSLA,20231026,100687.2,100705.25,1122,1128,'202310261122,18.05000000000291,6,
TSLA,20231026,100705.25,100881.0,1132,1145,'202310261132,175.75,13,
TSLA,20231026,100881.0,100855.08,1149,1150,'202310261149,-25.919999999998254,1,
TSLA,20231026,100855.08,100777.32,1154,1156,'202310261154,-77.75999999999476,2,
TSLA,20231026,100777.32,100745.64,1209,1210,'202310261209,-31.680000000007567,1,
TSLA,20231026,100745.64,100801.32,1214,1221,'202310261214,55.68000000000757,7,
TSLA,20231026,100801.32,100782.89,1225,1227,'202310261225,-18.430000000007567,2,
TSLA,20231026,100782.89,100851.05,1231,1243,'202310261231,68.16000000000349,12,
TSLA,20231026,100851.05,100816.13,1247,1254,'202310261247,-34.919999999998254,7,
TSLA,20231026,100816.13,100748.23,1258,1301,'202310261258,-67.90000000000873,3,
TSLA,20231026,100748.23,100728.83,1325,1326,'202310261325,-19.39999999999418,1,
TSLA,20231026,100728.83,100674.51,1330,1333,'202310261330,-54.320000000006985,3,
TSLA,20231026,100674.51,100638.03,1412,1415,'202310261412,-36.479999999995925,3,
TSLA,20231026,100638.03,100626.51,1419,1421,'202310261419,-11.520000000004075,2,
TSLA,20231026,100626.51,100558.35,1433,1437,'202310261433,-68.15999999998894,4,
TSLA,20231026,100558.35,100625.55,1441,1506,'202310261441,67.19999999999709,25,
TSLA,20231026,100625.55,100605.6,1510,1514,'202310261510,-19.94999999999709,4,
TSLA,20231026,100605.6,100736.16,1533,1550,'202310261533,130.55999999999767,17,
TSLA,20231026,100736.16,100696.39,1554,1555,'202310261554,-39.770000000004075,1,
TSLA,20231027,100696.39,100737.75,0933,0938,'202310270933,41.36000000000058,5,
TSLA,20231027,100737.75,100760.55,0942,0949,'202310270942,22.80000000000291,7,
TSLA,20231027,100760.55,100706.4,0953,0954,'202310270953,-54.15000000000873,1,
TSLA,20231027,100706.4,100660.8,0958,0959,'202310270958,-45.59999999999127,1,
TSLA,20231027,100660.8,100631.35,1015,1016,'202310271015,-29.44999999999709,1,
TSLA,20231027,100631.35,100640.95,1040,1045,'202310271040,9.599999999991269,5,
TSLA,20231027,100640.95,100631.35,1049,1055,'202310271049,-9.599999999991269,6,
TSLA,20231027,100631.35,100594.87,1059,1105,'202310271059,-36.48000000001048,6,
TSLA,20231027,100594.87,100552.12,1128,1131,'202310271128,-42.75,3,
TSLA,20231027,100552.12,100542.62,1200,1204,'202310271200,-9.5,4,
TSLA,20231027,100542.62,100526.47,1208,1213,'202310271208,-16.14999999999418,5,
TSLA,20231027,100526.47,100570.63,1247,1310,'202310271247,44.16000000000349,23,
TSLA,20231027,100570.63,100545.67,1314,1315,'202310271314,-24.960000000006403,1,
TSLA,20231027,100545.67,100517.83,1319,1323,'202310271319,-27.839999999996508,4,
TSLA,20231027,100517.83,100516.87,1356,1413,'202310271356,-0.9600000000064028,17,
TSLA,20231027,100516.87,100562.95,1417,1432,'202310271417,46.080000000001746,15,
TSLA,20231027,100562.95,100528.39,1456,1502,'202310271456,-34.55999999999767,6,
TSLA,20231027,100528.39,100486.15,1506,1516,'202310271506,-42.24000000000524,10,
TSLA,20231027,100486.15,100450.63,1533,1534,'202310271533,-35.51999999998952,1,
TSLA,20231027,100450.63,100434.31,1538,1539,'202310271538,-16.320000000006985,1,
TSLA,20231030,100434.31,100400.11,0933,0936,'202310300933,-34.19999999999709,3,
TSLA,20231030,100400.11,100345.96,0940,0943,'202310300940,-54.14999999999418,3,
TSLA,20231030,100345.96,100278.51,0947,0950,'202310300947,-67.45000000001164,3,
TSLA,20231030,100278.51,100327.47,0958,1006,'202310300958,48.9600000000064,8,
TSLA,20231030,100327.47,100367.24,1010,1012,'202310301010,39.770000000004075,2,
TSLA,20231030,100367.24,100443.87,1016,1024,'202310301016,76.6299999999901,8,
TSLA,20231030,100443.87,100707.49,1028,1045,'202310301028,263.6200000000099,17,
TSLA,20231030,100707.49,100658.98,1049,1051,'202310301049,-48.51000000000931,2,
TSLA,20231030,100658.98,100605.52,1101,1110,'202310301101,-53.45999999999185,9,
TSLA,20231030,100605.52,100629.52,1114,1120,'202310301114,24.0,6,
TSLA,20231030,100629.52,100618.41,1124,1126,'202310301124,-11.110000000000582,2,
TSLA,20231030,100618.41,100589.41,1130,1135,'202310301130,-29.0,5,
TSLA,20231030,100589.41,100516.69,1139,1141,'202310301139,-72.72000000000116,2,
TSLA,20231030,100516.69,100499.52,1145,1146,'202310301145,-17.169999999998254,1,
TSLA,20231030,100499.52,100457.52,1150,1151,'202310301150,-42.0,1,
TSLA,20231030,100457.52,100468.52,1219,1226,'202310301219,11.0,7,
TSLA,20231030,100468.52,100671.52,1230,1250,'202310301230,203.0,20,
TSLA,20231030,100671.52,100693.96,1254,1257,'202310301254,22.44000000000233,3,
TSLA,20231030,100693.96,100651.12,1301,1305,'202310301301,-42.84000000001106,4,
TSLA,20231030,100651.12,100607.26,1309,1321,'202310301309,-43.86000000000058,12,
TSLA,20231030,100607.26,100584.03,1325,1326,'202310301325,-23.229999999995925,1,
TSLA,20231030,100584.03,100549.03,1357,1406,'202310301357,-35.0,9,
TSLA,20231030,100549.03,100506.61,1410,1413,'202310301410,-42.419999999998254,3,
TSLA,20231030,100506.61,100460.71,1428,1438,'202310301428,-45.89999999999418,10,
TSLA,20231030,100460.71,100440.51,1442,1443,'202310301442,-20.20000000001164,1,
TSLA,20231030,100440.51,100392.03,1458,1501,'202310301458,-48.479999999995925,3,
TSLA,20231030,100392.03,100365.77,1505,1506,'202310301505,-26.25999999999476,1,
TSLA,20231030,100365.77,100333.77,1523,1529,'202310301523,-32.0,6,
TSLA,20231030,100333.77,100321.65,1533,1539,'202310301533,-12.120000000009895,6,
TSLA,20231031,100321.65,100230.87,0937,0939,'202310310937,-90.77999999999884,2,
TSLA,20231031,100230.87,100124.82,0943,0945,'202310310943,-106.04999999998836,2,
TSLA,20231031,100124.82,100083.82,0949,0950,'202310310949,-41.0,1,
TSLA,20231031,100083.82,99993.93,0954,0955,'202310310954,-89.89000000001397,1,
TSLA,20231031,99993.93,99963.93,0959,1002,'202310310959,-30.0,3,
TSLA,20231031,99963.93,100153.81,1006,1012,'202310311006,189.88000000000466,6,
TSLA,20231031,100153.81,100117.18,1016,1019,'202310311016,-36.63000000000466,3,
TSLA,20231031,100117.18,100109.26,1023,1024,'202310311023,-7.919999999998254,1,
TSLA,20231031,100109.26,100051.26,1028,1031,'202310311028,-58.0,3,
TSLA,20231031,100051.26,100013.26,1055,1056,'202310311055,-38.0,1,
TSLA,20231031,100013.26,99994.26,1100,1111,'202310311100,-19.0,11,
TSLA,20231031,99994.26,99923.26,1115,1116,'202310311115,-71.0,1,
TSLA,20231031,99923.26,99915.26,1203,1208,'202310311203,-8.0,5,
TSLA,20231031,99915.26,99884.26,1212,1213,'202310311212,-31.0,1,
TSLA,20231031,99884.26,99928.26,1238,1302,'202310311238,44.0,24,
TSLA,20231031,99928.26,99880.26,1306,1312,'202310311306,-48.0,6,
TSLA,20231031,99880.26,99874.26,1316,1318,'202310311316,-6.0,2,
TSLA,20231031,99874.26,100132.26,1322,1410,'202310311322,258.0,48,
TSLA,20231031,100132.26,100122.36,1414,1423,'202310311414,-9.89999999999418,9,
TSLA,20231031,100122.36,100091.67,1504,1505,'202310311504,-30.69000000000233,1,
TSLA,20231031,100091.67,100095.63,1509,1520,'202310311509,3.960000000006403,11,
TSLA,20231031,100095.63,100068.9,1536,1550,'202310311536,-26.730000000010477,14,
TSLA,20231031,100068.9,100054.05,1554,1555,'202310311554,-14.849999999991269,1,
TSLA,20231101,100054.05,100038.21,1005,1013,'202311011005,-15.839999999996508,8,
TSLA,20231101,100038.21,99986.73,1017,1022,'202311011017,-51.48000000001048,5,
TSLA,20231101,99986.73,100167.9,1026,1036,'202311011026,181.16999999999825,10,
TSLA,20231101,100167.9,100152.9,1040,1041,'202311011040,-15.0,1,
TSLA,20231101,100152.9,100285.56,1045,1057,'202311011045,132.6600000000035,12,
TSLA,20231101,100285.56,100251.56,1101,1102,'202311011101,-34.0,1,
TSLA,20231101,100251.56,100225.56,1113,1116,'202311011113,-26.0,3,
TSLA,20231101,100225.56,100160.56,1120,1124,'202311011120,-65.0,4,
TSLA,20231101,100160.56,100123.56,1128,1130,'202311011128,-37.0,2,
TSLA,20231101,100123.56,100088.91,1207,1209,'202311011207,-34.64999999999418,2,
TSLA,20231101,100088.91,100058.22,1223,1235,'202311011223,-30.69000000000233,12,
TSLA,20231101,100058.22,100054.26,1258,1309,'202311011258,-3.960000000006403,11,
TSLA,20231101,100054.26,100028.52,1313,1316,'202311011313,-25.739999999990687,3,
TSLA,20231101,100028.52,99992.88,1320,1324,'202311011320,-35.63999999999942,4,
TSLA,20231101,99992.88,99987.93,1338,1339,'202311011338,-4.9500000000116415,1,
TSLA,20231101,99987.93,99925.56,1402,1406,'202311011402,-62.36999999999534,4,
TSLA,20231101,99925.56,99889.3,1434,1435,'202311011434,-36.25999999999476,1,
TSLA,20231101,99889.3,99866.53,1439,1441,'202311011439,-22.770000000004075,2,
TSLA,20231101,99866.53,99920.43,1459,1505,'202311011459,53.89999999999418,6,
TSLA,20231101,99920.43,99868.05,1509,1514,'202311011509,-52.379999999990105,5,
TSLA,20231101,99868.05,99884.71,1518,1527,'202311011518,16.660000000003492,9,
TSLA,20231101,99884.71,99996.26,1531,1557,'202311011531,111.54999999998836,26,
TSLA,20231102,99996.26,99923.88,0933,0934,'202311020933,-72.3799999999901,1,
TSLA,20231102,99923.88,99958.29,0938,0942,'202311020938,34.40999999998894,4,
TSLA,20231102,99958.29,99927.93,0946,0947,'202311020946,-30.360000000000582,1,
TSLA,20231102,99927.93,99892.05,0951,0952,'202311020951,-35.879999999990105,1,
TSLA,20231102,99892.05,99839.61,0956,0958,'202311020956,-52.44000000000233,2,
TSLA,20231102,99839.61,99805.57,1002,1003,'202311021002,-34.0399999999936,1,
TSLA,20231102,99805.57,99757.73,1019,1026,'202311021019,-47.84000000001106,7,
TSLA,20231102,99757.73,99673.09,1030,1032,'202311021030,-84.63999999999942,2,
TSLA,20231102,99673.09,99706.21,1036,1045,'202311021036,33.120000000009895,9,
TSLA,20231102,99706.21,99752.21,1049,1100,'202311021049,46.0,11,
TSLA,20231102,99752.21,99724.91,1104,1112,'202311021104,-27.30000000000291,8,
TSLA,20231102,99724.91,99680.75,1116,1126,'202311021116,-44.16000000000349,10,
TSLA,20231102,99680.75,99643.03,1150,1151,'202311021150,-37.720000000001164,1,
TSLA,20231102,99643.03,99723.07,1155,1217,'202311021155,80.04000000000815,22,
TSLA,20231102,99723.07,99692.71,1221,1226,'202311021221,-30.360000000000582,5,
TSLA,20231102,99692.71,99675.42,1247,1249,'202311021247,-17.29000000000815,2,
TSLA,20231102,99675.42,99646.9,1253,1259,'202311021253,-28.520000000004075,6,
TSLA,20231102,99646.9,99644.14,1315,1316,'202311021315,-2.7599999999947613,1,
TSLA,20231102,99644.14,99616.54,1320,1321,'202311021320,-27.60000000000582,1,
TSLA,20231102,99616.54,99591.7,1333,1335,'202311021333,-24.839999999996508,2,
TSLA,20231102,99591.7,99613.78,1339,1408,'202311021339,22.080000000001746,29,
TSLA,20231102,99613.78,99652.91,1412,1430,'202311021412,39.13000000000466,18,
TSLA,20231102,99652.91,99689.31,1434,1510,'202311021434,36.39999999999418,36,
TSLA,20231102,99689.31,99675.66,1533,1535,'202311021533,-13.64999999999418,2,
TSLA,20231102,99675.66,99711.15,1539,1551,'202311021539,35.48999999999069,12,
TSLA,20231103,99711.15,99654.45,0933,0934,'202311030933,-56.69999999999709,1,
TSLA,20231103,99654.45,100039.65,0938,0953,'202311030938,385.1999999999971,15,
TSLA,20231103,100039.65,99975.41,0957,0959,'202311030957,-64.23999999999069,2,
TSLA,20231103,99975.41,99904.21,1003,1006,'202311031003,-71.19999999999709,3,
TSLA,20231103,99904.21,99845.71,1035,1038,'202311031035,-58.5,3,
TSLA,20231103,99845.71,99798.91,1042,1047,'202311031042,-46.80000000000291,5,
TSLA,20231103,99798.91,99920.41,1051,1122,'202311031051,121.5,31,
TSLA,20231103,99920.41,99904.21,1126,1127,'202311031126,-16.19999999999709,1,
TSLA,20231103,99904.21,99860.11,1131,1133,'202311031131,-44.10000000000582,2,
TSLA,20231103,99860.11,99933.01,1152,1206,'202311031152,72.89999999999418,14,
TSLA,20231103,99933.01,99905.11,1231,1232,'202311031231,-27.89999999999418,1,
TSLA,20231103,99905.11,99896.11,1236,1238,'202311031236,-9.0,2,
TSLA,20231103,99896.11,99856.07,1335,1339,'202311031335,-40.0399999999936,4,
TSLA,20231103,99856.07,99826.95,1343,1356,'202311031343,-29.120000000009895,13,
TSLA,20231103,99826.95,99805.35,1443,1444,'202311031443,-21.59999999999127,1,
TSLA,20231103,99805.35,99799.95,1448,1451,'202311031448,-5.400000000008731,3,
TSLA,20231103,99799.95,99789.94,1512,1513,'202311031512,-10.009999999994761,1,
TSLA,20231103,99789.94,99779.93,1517,1518,'202311031517,-10.010000000009313,1,
TSLA,20231103,99779.93,99788.12,1522,1545,'202311031522,8.190000000002328,23,
TSLA,20231103,99788.12,99767.19,1549,1550,'202311031549,-20.929999999993015,1,
TSLA,20231106,99767.19,99934.51,0933,0941,'202311060933,167.31999999999243,8,
TSLA,20231106,99934.51,100028.11,0951,0958,'202311060951,93.60000000000582,7,
TSLA,20231106,100028.11,100134.31,1002,1015,'202311061002,106.19999999999709,13,
TSLA,20231106,100134.31,100113.61,1019,1020,'202311061019,-20.69999999999709,1,
TSLA,20231106,100113.61,100091.11,1024,1027,'202311061024,-22.5,3,
TSLA,20231106,100091.11,100060.51,1048,1050,'202311061048,-30.60000000000582,2,
TSLA,20231106,100060.51,100080.31,1054,1103,'202311061054,19.80000000000291,9,
TSLA,20231106,100080.31,100136.11,1137,1153,'202311061137,55.80000000000291,16,
TSLA,20231106,100136.11,100319.93,1157,1242,'202311061157,183.81999999999243,45,
TSLA,20231106,100319.93,100309.81,1246,1256,'202311061246,-10.119999999995343,10,
TSLA,20231106,100309.81,100463.6,1300,1329,'202311061300,153.79000000000815,29,
TSLA,20231106,100463.6,100437.84,1333,1336,'202311061333,-25.760000000009313,3,
TSLA,20231106,100437.84,100405.64,1355,1357,'202311061355,-32.19999999999709,2,
TSLA,20231106,100405.64,100391.84,1401,1404,'202311061401,-13.80000000000291,3,
TSLA,20231106,100391.84,100369.76,1408,1411,'202311061408,-22.080000000001746,3,
TSLA,20231106,100369.76,100358.72,1415,1416,'202311061415,-11.039999999993597,1,
TSLA,20231106,100358.72,100459.0,1423,1503,'202311061423,100.27999999999884,40,
TSLA,20231106,100459.0,100565.47,1507,1544,'202311061507,106.47000000000116,37,
TSLA,20231107,100565.47,100581.85,0935,0938,'202311070935,16.380000000004657,3,
TSLA,20231107,100581.85,100666.48,0942,0950,'202311070942,84.6299999999901,8,
TSLA,20231107,100666.48,100630.6,0954,0955,'202311070954,-35.879999999990105,1,
TSLA,20231107,100630.6,100653.6,0959,1002,'202311070959,23.0,3,
TSLA,20231107,100653.6,100661.88,1006,1012,'202311071006,8.279999999998836,6,
TSLA,20231107,100661.88,100645.32,1016,1019,'202311071016,-16.55999999999767,3,
TSLA,20231107,100645.32,100608.52,1023,1025,'202311071023,-36.80000000000291,2,
TSLA,20231107,100608.52,100582.76,1029,1032,'202311071029,-25.760000000009313,3,
TSLA,20231107,100582.76,100540.44,1036,1049,'202311071036,-42.31999999999243,13,
TSLA,20231107,100540.44,100563.19,1053,1105,'202311071053,22.75,12,
TSLA,20231107,100563.19,100540.44,1133,1136,'202311071133,-22.75,3,
TSLA,20231107,100540.44,100497.67,1140,1142,'202311071140,-42.770000000004075,2,
TSLA,20231107,100497.67,100447.62,1146,1147,'202311071146,-50.05000000000291,1,
TSLA,20231107,100447.62,100421.23,1208,1215,'202311071208,-26.389999999999418,7,
TSLA,20231107,100421.23,100405.76,1219,1220,'202311071219,-15.470000000001164,1,
TSLA,20231107,100405.76,100402.12,1233,1236,'202311071233,-3.639999999999418,3,
TSLA,20231107,100402.12,100366.63,1240,1243,'202311071240,-35.48999999999069,3,
TSLA,20231107,100366.63,100344.79,1258,1259,'202311071258,-21.84000000001106,1,
TSLA,20231107,100344.79,100361.17,1308,1327,'202311071308,16.380000000004657,19,
TSLA,20231107,100361.17,100381.19,1331,1342,'202311071331,20.020000000004075,11,
TSLA,20231107,100381.19,100475.69,1346,1443,'202311071346,94.5,57,
TSLA,20231107,100475.69,100554.89,1517,1536,'202311071517,79.19999999999709,19,
TSLA,20231107,100554.89,100526.41,1540,1554,'202311071540,-28.479999999995925,14,
TSLA,20231108,100526.41,100533.61,0940,0953,'202311080940,7.19999999999709,13,
TSLA,20231108,100533.61,100639.81,0957,1006,'202311080957,106.19999999999709,9,
TSLA,20231108,100639.81,100615.24,1010,1013,'202311081010,-24.569999999992433,3,
TSLA,20231108,100615.24,100682.58,1017,1032,'202311081017,67.33999999999651,15,
TSLA,20231108,100682.58,100651.64,1036,1037,'202311081036,-30.94000000000233,1,
TSLA,20231108,100651.64,100607.05,1041,1042,'202311081041,-44.58999999999651,1,
TSLA,20231108,100607.05,100582.75,1138,1139,'202311081138,-24.30000000000291,1,
TSLA,20231108,100582.75,100542.25,1143,1148,'202311081143,-40.5,5,
TSLA,20231108,100542.25,100543.16,1207,1237,'202311081207,0.9100000000034925,30,
TSLA,20231108,100543.16,100520.41,1306,1319,'202311081306,-22.75,13,
TSLA,20231108,100520.41,100605.01,1323,1418,'202311081323,84.59999999999127,55,
TSLA,20231108,100605.01,100587.91,1507,1509,'202311081507,-17.09999999999127,2,
TSLA,20231108,100587.91,100684.21,1513,1557,'202311081513,96.30000000000291,44,
TSLA,20231109,100684.21,100847.1,0933,0942,'202311090933,162.88999999999942,9,
TSLA,20231109,100847.1,100836.98,0946,0953,'202311090946,-10.120000000009895,7,
TSLA,20231109,100836.98,100972.22,0957,1015,'202311090957,135.24000000000524,18,
TSLA,20231109,100972.22,101022.44,1019,1028,'202311091019,50.220000000001164,9,
TSLA,20231109,101022.44,101000.12,1032,1039,'202311091032,-22.320000000006985,7,
TSLA,20231109,101000.12,100956.41,1043,1044,'202311091043,-43.70999999999185,1,
TSLA,20231109,100956.41,100937.81,1048,1054,'202311091048,-18.60000000000582,6,
TSLA,20231109,100937.81,100887.59,1058,1101,'202311091058,-50.220000000001164,3,
TSLA,20231109,100887.59,101003.84,1121,1149,'202311091121,116.25,28,
TSLA,20231109,101003.84,100998.2,1158,1159,'202311091158,-5.639999999999418,1,
TSLA,20231109,100998.2,101147.66,1203,1231,'202311091203,149.4600000000064,28,
TSLA,20231109,101147.66,101107.76,1235,1243,'202311091235,-39.90000000000873,8,
TSLA,20231109,101107.76,101041.26,1247,1248,'202311091247,-66.5,1,
TSLA,20231109,101041.26,101207.51,1252,1304,'202311091252,166.25,12,
TSLA,20231109,101207.51,101179.67,1308,1309,'202311091308,-27.839999999996508,1,
TSLA,20231109,101179.67,101113.43,1313,1314,'202311091313,-66.24000000000524,1,
TSLA,20231109,101113.43,101102.03,1338,1339,'202311091338,-11.39999999999418,1,
TSLA,20231109,101102.03,101087.63,1406,1407,'202311091406,-14.39999999999418,1,
TSLA,20231109,101087.63,101066.51,1411,1421,'202311091411,-21.120000000009895,10,
TSLA,20231109,101066.51,101054.99,1437,1445,'202311091437,-11.519999999989523,8,
TSLA,20231109,101054.99,101149.04,1449,1501,'202311091449,94.04999999998836,12,
TSLA,20231109,101149.04,101124.08,1505,1508,'202311091505,-24.95999999999185,3,
TSLA,20231109,101124.08,101104.13,1543,1544,'202311091543,-19.94999999999709,1,
TSLA,20231109,101104.13,101140.23,1548,1557,'202311091548,36.09999999999127,9,
TSLA,20231110,101140.23,101412.88,0936,0948,'202311100936,272.65000000000873,12,
TSLA,20231110,101412.88,101396.14,0952,0954,'202311100952,-16.74000000000524,2,
TSLA,20231110,101396.14,101345.38,0958,1000,'202311100958,-50.75999999999476,2,
TSLA,20231110,101345.38,101415.68,1012,1017,'202311101012,70.29999999998836,5,
TSLA,20231110,101415.68,101555.33,1021,1028,'202311101021,139.65000000000873,7,
TSLA,20231110,101555.33,101470.85,1032,1038,'202311101032,-84.47999999999593,6,
TSLA,20231110,101470.85,101446.85,1042,1044,'202311101042,-24.0,2,
TSLA,20231110,101446.85,101501.0,1112,1126,'202311101112,54.14999999999418,14,
TSLA,20231110,101501.0,101487.7,1130,1131,'202311101130,-13.30000000000291,1,
TSLA,20231110,101487.7,101609.9,1144,1203,'202311101144,122.19999999999709,19,
TSLA,20231110,101609.9,101616.48,1207,1217,'202311101207,6.580000000001746,10,
TSLA,20231110,101616.48,101645.62,1221,1240,'202311101221,29.139999999999418,19,
TSLA,20231110,101645.62,101632.46,1244,1246,'202311101244,-13.15999999998894,2,
TSLA,20231110,101632.46,101613.66,1250,1251,'202311101250,-18.80000000000291,1,
TSLA,20231110,101613.66,101604.26,1255,1256,'202311101255,-9.400000000008731,1,
TSLA,20231110,101604.26,101601.44,1300,1303,'202311101300,-2.819999999992433,3,
TSLA,20231110,101601.44,101550.29,1307,1310,'202311101307,-51.15000000000873,3,
TSLA,20231110,101550.29,101537.13,1314,1315,'202311101314,-13.15999999998894,1,
TSLA,20231110,101537.13,101720.43,1319,1352,'202311101319,183.29999999998836,33,
TSLA,20231110,101720.43,101683.23,1356,1402,'202311101356,-37.19999999999709,6,
TSLA,20231110,101683.23,101653.79,1421,1424,'202311101421,-29.44000000000233,3,
TSLA,20231110,101653.79,101624.03,1428,1430,'202311101428,-29.75999999999476,2,
TSLA,20231110,101624.03,101618.45,1443,1453,'202311101443,-5.580000000001746,10,
TSLA,20231110,101618.45,101582.18,1457,1504,'202311101457,-36.270000000004075,7,
TSLA,20231110,101582.18,101566.37,1513,1514,'202311101513,-15.809999999997672,1,
TSLA,20231110,101566.37,101543.12,1539,1541,'202311101539,-23.25,2,
TSLA,20231110,101543.12,101531.03,1545,1547,'202311101545,-12.089999999996508,2,
TSLA,20231110,101531.03,101540.33,1551,1557,'202311101551,9.30000000000291,6,
TSLA,20231113,101540.33,101638.91,0935,0942,'202311130935,98.58000000000175,7,
TSLA,20231113,101638.91,101608.83,0946,0947,'202311130946,-30.080000000001746,1,
TSLA,20231113,101608.83,101580.31,1001,1008,'202311131001,-28.520000000004075,7,
TSLA,20231113,101580.31,101652.2,1012,1024,'202311131012,71.88999999999942,12,
TSLA,20231113,101652.2,101626.1,1028,1035,'202311131028,-26.09999999999127,7,
TSLA,20231113,101626.1,101785.35,1039,1048,'202311131039,159.25,9,
TSLA,20231113,101785.35,101755.65,1052,1054,'202311131052,-29.70000000001164,2,
TSLA,20231113,101755.65,101912.25,1058,1124,'202311131058,156.60000000000582,26,
TSLA,20231113,101912.25,101992.35,1128,1151,'202311131128,80.10000000000582,23,
TSLA,20231113,101992.35,101962.98,1227,1229,'202311131227,-29.370000000009895,2,
TSLA,20231113,101962.98,101935.39,1233,1237,'202311131233,-27.589999999996508,4,
TSLA,20231113,101935.39,101916.7,1248,1259,'202311131248,-18.69000000000233,11,
TSLA,20231113,101916.7,101889.7,1303,1307,'202311131303,-27.0,4,
TSLA,20231113,101889.7,101869.9,1332,1336,'202311131332,-19.80000000000291,4,
TSLA,20231113,101869.9,101852.99,1340,1341,'202311131340,-16.90999999998894,1,
TSLA,20231113,101852.99,101828.07,1350,1354,'202311131350,-24.919999999998254,4,
TSLA,20231113,101828.07,101802.26,1358,1359,'202311131358,-25.810000000012224,1,
TSLA,20231113,101802.26,101851.21,1403,1434,'202311131403,48.95000000001164,31,
TSLA,20231113,101851.21,101845.87,1438,1439,'202311131438,-5.3400000000110595,1,
TSLA,20231113,101845.87,101797.81,1443,1447,'202311131443,-48.05999999999767,4,
TSLA,20231113,101797.81,101763.1,1503,1507,'202311131503,-34.70999999999185,4,
TSLA,20231113,101763.1,101747.08,1511,1514,'202311131511,-16.020000000004075,3,
TSLA,20231113,101747.08,101721.27,1518,1519,'202311131518,-25.80999999999767,1,
TSLA,20231113,101721.27,101712.37,1523,1524,'202311131523,-8.900000000008731,1,
TSLA,20231113,101712.37,101665.2,1553,1555,'202311131553,-47.169999999998254,2,
TSLA,20231114,101665.2,101605.86,0933,0934,'202311140933,-59.33999999999651,1,
TSLA,20231114,101605.86,101777.86,0938,0945,'202311140938,172.0,7,
TSLA,20231114,101777.86,101820.36,0949,0954,'202311140949,42.5,5,
TSLA,20231114,101820.36,101766.81,0958,1001,'202311140958,-53.55000000000291,3,
TSLA,20231114,101766.81,101674.16,1005,1006,'202311141005,-92.64999999999418,1,
TSLA,20231114,101674.16,101632.88,1010,1017,'202311141010,-41.279999999998836,7,
TSLA,20231114,101632.88,101590.38,1035,1036,'202311141035,-42.5,1,
TSLA,20231114,101590.38,101544.48,1040,1050,'202311141040,-45.90000000000873,10,
TSLA,20231114,101544.48,101510.48,1054,1055,'202311141054,-34.0,1,
TSLA,20231114,101510.48,101489.23,1107,1108,'202311141107,-21.25,1,
TSLA,20231114,101489.23,101479.03,1112,1122,'202311141112,-10.19999999999709,10,
TSLA,20231114,101479.03,101449.28,1126,1130,'202311141126,-29.75,4,
TSLA,20231114,101449.28,101446.76,1145,1146,'202311141145,-2.5200000000040745,1,
TSLA,20231114,101446.76,101409.36,1150,1151,'202311141150,-37.39999999999418,1,
TSLA,20231114,101409.36,101394.91,1218,1220,'202311141218,-14.44999999999709,2,
TSLA,20231114,101394.91,101372.81,1224,1225,'202311141224,-22.10000000000582,1,
TSLA,20231114,101372.81,101357.69,1303,1309,'202311141303,-15.119999999995343,6,
TSLA,20231114,101357.69,101349.29,1313,1315,'202311141313,-8.400000000008731,2,
TSLA,20231114,101349.29,101360.21,1319,1342,'202311141319,10.920000000012806,23,
TSLA,20231114,101360.21,101347.46,1403,1405,'202311141403,-12.75,2,
TSLA,20231114,101347.46,101339.81,1409,1413,'202311141409,-7.650000000008731,4,
TSLA,20231114,101339.81,101323.85,1431,1434,'202311141431,-15.959999999991851,3,
TSLA,20231114,101323.85,101411.21,1438,1551,'202311141438,87.36000000000058,73,
TSLA,20231115,101411.21,101567.25,0936,0939,'202311150936,156.0399999999936,3,
TSLA,20231115,101567.25,101513.95,0943,0945,'202311150943,-53.30000000000291,2,
TSLA,20231115,101513.95,101458.34,0949,0951,'202311150949,-55.61000000000058,2,
TSLA,20231115,101458.34,101642.6,0955,1010,'202311150955,184.2600000000093,15,
TSLA,20231115,101642.6,101710.66,1014,1029,'202311151014,68.05999999999767,15,
TSLA,20231115,101710.66,101876.3,1033,1105,'202311151033,165.63999999999942,32,
TSLA,20231115,101876.3,101868.2,1109,1112,'202311151109,-8.10000000000582,3,
TSLA,20231115,101868.2,101836.61,1132,1133,'202311151132,-31.589999999996508,1,
TSLA,20231115,101836.61,101797.25,1143,1145,'202311151143,-39.36000000000058,2,
TSLA,20231115,101797.25,101821.85,1149,1201,'202311151149,24.60000000000582,12,
TSLA,20231115,101821.85,101791.51,1205,1207,'202311151205,-30.34000000001106,2,
TSLA,20231115,101791.51,101748.87,1211,1213,'202311151211,-42.63999999999942,2,
TSLA,20231115,101748.87,101740.77,1248,1249,'202311151248,-8.099999999991269,1,
TSLA,20231115,101740.77,101724.57,1253,1259,'202311151253,-16.19999999999709,6,
TSLA,20231115,101724.57,101664.71,1308,1311,'202311151308,-59.86000000000058,3,
TSLA,20231115,101664.71,101614.91,1315,1317,'202311151315,-49.80000000000291,2,
TSLA,20231115,101614.91,101589.49,1321,1323,'202311151321,-25.419999999998254,2,
TSLA,20231115,101589.49,101571.45,1327,1329,'202311151327,-18.04000000000815,2,
TSLA,20231115,101571.45,101573.09,1358,1409,'202311151358,1.639999999999418,11,
TSLA,20231115,101573.09,101527.99,1413,1417,'202311151413,-45.09999999999127,4,
TSLA,20231115,101527.99,101506.12,1428,1444,'202311151428,-21.870000000009895,16,
TSLA,20231115,101506.12,101471.68,1448,1504,'202311151448,-34.44000000000233,16,
TSLA,20231115,101471.68,101456.29,1532,1539,'202311151532,-15.389999999999418,7,
TSLA,20231115,101456.29,101441.71,1543,1548,'202311151543,-14.579999999987194,5,
TSLA,20231115,101441.71,101435.15,1556,1557,'202311151556,-6.560000000012224,1,
TSLA,20231116,101435.15,101534.75,0933,0939,'202311160933,99.60000000000582,6,
TSLA,20231116,101534.75,101436.47,0943,0945,'202311160943,-98.27999999999884,2,
TSLA,20231116,101436.47,101367.58,0949,0955,'202311160949,-68.88999999999942,6,
TSLA,20231116,101367.58,101438.14,1011,1021,'202311161011,70.55999999999767,10,
TSLA,20231116,101438.14,101420.5,1025,1028,'202311161025,-17.639999999999418,3,
TSLA,20231116,101420.5,101570.86,1032,1043,'202311161032,150.36000000000058,11,
TSLA,20231116,101570.86,101634.7,1047,1057,'202311161047,63.83999999999651,10,
TSLA,20231116,101634.7,101606.14,1101,1102,'202311161101,-28.55999999999767,1,
TSLA,20231116,101606.14,101558.26,1129,1131,'202311161129,-47.88000000000466,2,
TSLA,20231116,101558.26,101596.9,1135,1145,'202311161135,38.63999999999942,10,
TSLA,20231116,101596.9,101568.34,1149,1150,'202311161149,-28.55999999999767,1,
TSLA,20231116,101568.34,101564.98,1203,1211,'202311161203,-3.360000000000582,8,
TSLA,20231116,101564.98,101548.18,1215,1216,'202311161215,-16.80000000000291,1,
TSLA,20231116,101548.18,101518.78,1238,1239,'202311161238,-29.39999999999418,1,
TSLA,20231116,101518.78,101769.53,1308,1351,'202311161308,250.75,43,
TSLA,20231116,101769.53,101803.07,1355,1411,'202311161355,33.54000000000815,16,
TSLA,20231116,101803.07,101769.53,1415,1418,'202311161415,-33.54000000000815,3,
TSLA,20231116,101769.53,101754.23,1448,1451,'202311161448,-15.30000000000291,3,
TSLA,20231116,101754.23,101738.08,1525,1530,'202311161525,-16.14999999999418,5,
TSLA,20231116,101738.08,101825.63,1534,1551,'202311161534,87.55000000000291,17,
TSLA,20231117,101825.63,102016.16,0933,0944,'202311170933,190.52999999999884,11,
TSLA,20231117,102016.16,101971.28,0948,0950,'202311170948,-44.88000000000466,2,
TSLA,20231117,101971.28,101946.92,0954,0955,'202311170954,-24.360000000000582,1,
TSLA,20231117,101946.92,102048.71,1003,1007,'202311171003,101.79000000000815,4,
TSLA,20231117,102048.71,102011.73,1011,1013,'202311171011,-36.98000000001048,2,
TSLA,20231117,102011.73,102036.67,1017,1025,'202311171017,24.94000000000233,8,
TSLA,20231117,102036.67,102001.41,1029,1030,'202311171029,-35.25999999999476,1,
TSLA,20231117,102001.41,101983.35,1034,1037,'202311171034,-18.05999999999767,3,
TSLA,20231117,101983.35,102209.53,1041,1104,'202311171041,226.17999999999302,23,
TSLA,20231117,102209.53,102191.05,1116,1117,'202311171116,-18.479999999995925,1,
TSLA,20231117,102191.05,102180.85,1121,1122,'202311171121,-10.19999999999709,1,
TSLA,20231117,102180.85,102141.37,1126,1137,'202311171126,-39.48000000001048,11,
TSLA,20231117,102141.37,102110.29,1141,1143,'202311171141,-31.080000000001746,2,
TSLA,20231117,102110.29,102066.94,1147,1149,'202311171147,-43.34999999999127,2,
TSLA,20231117,102066.94,102052.49,1220,1221,'202311171220,-14.44999999999709,1,
TSLA,20231117,102052.49,102049.94,1225,1226,'202311171225,-2.5500000000029104,1,
TSLA,20231117,102049.94,102028.94,1245,1246,'202311171245,-21.0,1,
TSLA,20231117,102028.94,102064.22,1250,1304,'202311171250,35.279999999998836,14,
TSLA,20231117,102064.22,102064.22,1308,1324,'202311171308,0.0,16,
TSLA,20231117,102064.22,102079.34,1328,1342,'202311171328,15.119999999995343,14,
TSLA,20231117,102079.34,102063.38,1357,1358,'202311171357,-15.959999999991851,1,
TSLA,20231117,102063.38,102059.18,1402,1404,'202311171402,-4.2000000000116415,2,
TSLA,20231117,102059.18,102045.58,1413,1415,'202311171413,-13.599999999991269,2,
TSLA,20231117,102045.58,101997.98,1419,1422,'202311171419,-47.60000000000582,3,
TSLA,20231117,101997.98,102083.83,1426,1444,'202311171426,85.85000000000582,18,
TSLA,20231117,102083.83,102054.08,1448,1450,'202311171448,-29.75,2,
TSLA,20231117,102054.08,102034.53,1454,1455,'202311171454,-19.55000000000291,1,
TSLA,20231117,102034.53,102001.38,1532,1534,'202311171532,-33.14999999999418,2,
TSLA,20231117,102001.38,101982.68,1538,1541,'202311171538,-18.70000000001164,3,
TSLA,20231117,101982.68,102016.68,1545,1557,'202311171545,34.0,12,
TSLA,20231120,102016.68,101946.16,0933,0936,'202311200933,-70.51999999998952,3,
TSLA,20231120,101946.16,101925.76,0952,0957,'202311200952,-20.40000000000873,5,
TSLA,20231120,101925.76,101841.61,1020,1023,'202311201020,-84.14999999999418,3,
TSLA,20231120,101841.61,101782.11,1027,1031,'202311201027,-59.5,4,
TSLA,20231120,101782.11,101758.31,1048,1049,'202311201048,-23.80000000000291,1,
TSLA,20231120,101758.31,101734.51,1053,1055,'202311201053,-23.80000000000291,2,
TSLA,20231120,101734.51,101688.61,1059,1103,'202311201059,-45.89999999999418,4,
TSLA,20231120,101688.61,101666.51,1203,1206,'202311201203,-22.10000000000582,3,
TSLA,20231120,101666.51,101673.31,1225,1249,'202311201225,6.80000000000291,24,
TSLA,20231120,101673.31,101670.76,1253,1302,'202311201253,-2.5500000000029104,9,
TSLA,20231120,101670.76,101657.16,1322,1323,'202311201322,-13.599999999991269,1,
TSLA,20231120,101657.16,101644.41,1327,1339,'202311201327,-12.75,12,
TSLA,20231120,101644.41,101618.91,1410,1412,'202311201410,-25.5,2,
TSLA,20231120,101618.91,101778.71,1416,1548,'202311201416,159.8000000000029,92,
TSLA,20231121,101778.71,101970.44,0935,0943,'202311210935,191.72999999999593,8,
TSLA,20231121,101970.44,102064.23,0947,0955,'202311210947,93.7899999999936,8,
TSLA,20231121,102064.23,102196.25,0959,1008,'202311210959,132.02000000000407,9,
TSLA,20231121,102196.25,102156.07,1012,1018,'202311211012,-40.179999999993015,6,
TSLA,20231121,102156.07,102085.55,1022,1024,'202311211022,-70.52000000000407,2,
TSLA,20231121,102085.55,102046.54,1033,1035,'202311211033,-39.01000000000931,2,
TSLA,20231121,102046.54,101985.12,1039,1042,'202311211039,-61.419999999998254,3,
TSLA,20231121,101985.12,101974.46,1212,1219,'202311211212,-10.65999999998894,7,
TSLA,20231121,101974.46,101965.44,1223,1224,'202311211223,-9.020000000004075,1,
TSLA,20231121,101965.44,101957.24,1228,1229,'202311211228,-8.19999999999709,1,
TSLA,20231121,101957.24,101949.86,1233,1236,'202311211233,-7.380000000004657,3,
TSLA,20231121,101949.86,101926.08,1240,1243,'202311211240,-23.779999999998836,3,
TSLA,20231121,101926.08,101919.52,1247,1248,'202311211247,-6.559999999997672,1,
TSLA,20231121,101919.52,101891.64,1306,1309,'202311211306,-27.880000000004657,3,
TSLA,20231121,101891.64,101876.7,1313,1316,'202311211313,-14.940000000002328,3,
TSLA,20231121,101876.7,101848.48,1320,1333,'202311211320,-28.220000000001164,13,
TSLA,20231121,101848.48,101830.44,1416,1417,'202311211416,-18.039999999993597,1,
TSLA,20231121,101830.44,101792.72,1421,1443,'202311211421,-37.720000000001164,22,
TSLA,20231121,101792.72,101786.16,1507,1508,'202311211507,-6.559999999997672,1,
TSLA,20231121,101786.16,101774.68,1512,1513,'202311211512,-11.480000000010477,1,
TSLA,20231121,101774.68,101765.66,1517,1521,'202311211517,-9.019999999989523,4,
TSLA,20231121,101765.66,101717.28,1553,1555,'202311211553,-48.38000000000466,2,
TSLA,20231122,101717.28,101718.11,0940,0948,'202311220940,0.8300000000017462,8,
TSLA,20231122,101718.11,101882.75,0952,1013,'202311220952,164.63999999999942,21,
TSLA,20231122,101882.75,101813.9,1017,1019,'202311221017,-68.85000000000582,2,
TSLA,20231122,101813.9,101782.45,1023,1024,'202311221023,-31.44999999999709,1,
TSLA,20231122,101782.45,101724.65,1028,1029,'202311221028,-57.80000000000291,1,
TSLA,20231122,101724.65,101671.73,1033,1036,'202311221033,-52.919999999998254,3,
TSLA,20231122,101671.73,101771.18,1045,1105,'202311221045,99.44999999999709,20,
TSLA,20231122,101771.18,101743.13,1109,1110,'202311221109,-28.04999999998836,1,
TSLA,20231122,101743.13,101812.83,1114,1136,'202311221114,69.69999999999709,22,
TSLA,20231122,101812.83,101802.51,1140,1142,'202311221140,-10.320000000006985,2,
TSLA,20231122,101802.51,101767.25,1146,1148,'202311221146,-35.25999999999476,2,
TSLA,20231122,101767.25,101740.9,1152,1201,'202311221152,-26.35000000000582,9,
TSLA,20231122,101740.9,101710.8,1219,1221,'202311221219,-30.09999999999127,2,
TSLA,20231122,101710.8,101738.85,1225,1234,'202311221225,28.05000000000291,9,
TSLA,20231122,101738.85,101725.09,1238,1242,'202311221238,-13.760000000009313,4,
TSLA,20231122,101725.09,101708.75,1251,1255,'202311221251,-16.339999999996508,4,
TSLA,20231122,101708.75,101682.4,1259,1306,'202311221259,-26.35000000000582,7,
TSLA,20231122,101682.4,101666.25,1328,1343,'202311221328,-16.14999999999418,15,
TSLA,20231122,101666.25,101656.05,1347,1349,'202311221347,-10.19999999999709,2,
TSLA,20231122,101656.05,101639.9,1353,1354,'202311221353,-16.15000000000873,1,
TSLA,20231122,101639.9,101629.7,1358,1412,'202311221358,-10.19999999999709,14,
TSLA,20231122,101629.7,101682.4,1428,1442,'202311221428,52.69999999999709,14,
TSLA,20231122,101682.4,101669.5,1446,1450,'202311221446,-12.89999999999418,4,
TSLA,20231122,101669.5,101649.72,1454,1455,'202311221454,-19.779999999998836,1,
TSLA,20231122,101649.72,101641.22,1516,1517,'202311221516,-8.5,1,
TSLA,20231122,101641.22,101604.67,1522,1523,'202311221522,-36.55000000000291,1,
TSLA,20231122,101604.67,101701.57,1527,1557,'202311221527,96.90000000000873,30,
TSLA,20231124,101701.57,101644.45,0936,0937,'202311240936,-57.120000000009895,1,
TSLA,20231124,101644.45,101583.13,0941,0943,'202311240941,-61.31999999999243,2,
TSLA,20231124,101583.13,101659.63,0947,1016,'202311240947,76.5,29,
TSLA,20231124,101659.63,101611.75,1020,1022,'202311241020,-47.88000000000466,2,
TSLA,20231124,101611.75,101592.2,1026,1027,'202311241026,-19.55000000000291,1,
TSLA,20231124,101592.2,101723.24,1038,1119,'202311241038,131.04000000000815,41,
TSLA,20231124,101723.24,101697.2,1123,1128,'202311241123,-26.04000000000815,5,
TSLA,20231124,101697.2,101775.32,1243,1330,'202311241243,78.1200000000099,47,
TSLA,20231124,101775.32,101765.12,1342,1345,'202311241342,-10.200000000011642,3,
TSLA,20231124,101765.12,101760.92,1349,1351,'202311241349,-4.19999999999709,2,
TSLA,20231124,101760.92,101756.72,1355,1356,'202311241355,-4.19999999999709,1,
TSLA,20231124,101756.72,101752.52,1400,1413,'202311241400,-4.19999999999709,13,
TSLA,20231124,101752.52,101748.32,1506,1507,'202311241506,-4.19999999999709,1,
TSLA,20231124,101748.32,101741.6,1511,1518,'202311241511,-6.720000000001164,7,
TSLA,20231124,101741.6,101733.2,1523,1528,'202311241523,-8.400000000008731,5,
TSLA,20231124,101733.2,101731.52,1548,1551,'202311241548,-1.679999999993015,3,
TSLA,20231127,101731.52,101744.27,0937,0946,'202311270937,12.75,9,
TSLA,20231127,101744.27,101711.12,0950,0951,'202311270950,-33.15000000000873,1,
TSLA,20231127,101711.12,101696.67,1018,1023,'202311271018,-14.44999999999709,5,
TSLA,20231127,101696.67,101814.82,1027,1053,'202311271027,118.15000000000873,26,
TSLA,20231127,101814.82,101797.18,1057,1058,'202311271057,-17.64000000001397,1,
TSLA,20231127,101797.18,102030.08,1138,1319,'202311271138,232.90000000000873,101,
TSLA,20231127,102030.08,102025.88,1348,1350,'202311271348,-4.19999999999709,2,
TSLA,20231127,102025.88,102004.88,1354,1358,'202311271354,-21.0,4,
TSLA,20231127,102004.88,101988.92,1420,1423,'202311271420,-15.960000000006403,3,
TSLA,20231127,101988.92,101968.76,1427,1432,'202311271427,-20.160000000003492,5,
TSLA,20231127,101968.76,101999.0,1441,1509,'202311271441,30.24000000000524,28,
TSLA,20231127,101999.0,101992.28,1513,1521,'202311271513,-6.720000000001164,8,
TSLA,20231127,101992.28,101990.6,1556,1557,'202311271556,-1.679999999993015,1,
TSLA,20231128,101990.6,101934.32,0934,0935,'202311280934,-56.279999999998836,1,
TSLA,20231128,101934.32,101863.77,0939,0941,'202311280939,-70.55000000000291,2,
TSLA,20231128,101863.77,101779.77,0945,0950,'202311280945,-84.0,5,
TSLA,20231128,101779.77,101730.47,0954,0958,'202311280954,-49.30000000000291,4,
TSLA,20231128,101730.47,101637.82,1002,1005,'202311281002,-92.64999999999418,3,
TSLA,20231128,101637.82,101658.82,1009,1015,'202311281009,21.0,6,
TSLA,20231128,101658.82,101675.62,1019,1028,'202311281019,16.79999999998836,9,
TSLA,20231128,101675.62,101623.77,1032,1039,'202311281032,-51.84999999999127,7,
TSLA,20231128,101623.77,101580.09,1103,1110,'202311281103,-43.68000000000757,7,
TSLA,20231128,101580.09,101942.97,1114,1149,'202311281114,362.88000000000466,35,
TSLA,20231128,101942.97,101927.39,1153,1154,'202311281153,-15.580000000001746,1,
TSLA,20231128,101927.39,101906.89,1158,1206,'202311281158,-20.5,8,
TSLA,20231128,101906.89,101956.91,1210,1230,'202311281210,50.020000000004075,20,
TSLA,20231128,101956.91,101961.83,1234,1247,'202311281234,4.919999999998254,13,
TSLA,20231128,101961.83,101925.75,1256,1301,'202311281256,-36.080000000001746,5,
TSLA,20231128,101925.75,102051.21,1321,1350,'202311281321,125.4600000000064,29,
TSLA,20231128,102051.21,102035.82,1354,1356,'202311281354,-15.389999999999418,2,
TSLA,20231128,102035.82,102002.61,1400,1414,'202311281400,-33.2100000000064,14,
TSLA,20231128,102002.61,101984.79,1418,1423,'202311281418,-17.820000000006985,5,
TSLA,20231128,101984.79,101979.93,1427,1433,'202311281427,-4.860000000000582,6,
TSLA,20231128,101979.93,102022.86,1437,1508,'202311281437,42.93000000000757,31,
TSLA,20231128,102022.86,102003.42,1512,1513,'202311281512,-19.44000000000233,1,
TSLA,20231128,102003.42,102025.29,1542,1557,'202311281542,21.869999999995343,15,
TSLA,20231129,102025.29,101973.94,0933,0938,'202311290933,-51.34999999999127,5,
TSLA,20231129,101973.94,101830.16,0942,0945,'202311290942,-143.77999999999884,3,
TSLA,20231129,101830.16,101845.96,0949,1004,'202311290949,15.80000000000291,15,
TSLA,20231129,101845.96,101825.16,1046,1049,'202311291046,-20.80000000000291,3,
TSLA,20231129,101825.16,101797.16,1053,1055,'202311291053,-28.0,2,
TSLA,20231129,101797.16,102043.56,1059,1135,'202311291059,246.39999999999418,36,
TSLA,20231129,102043.56,102025.74,1139,1140,'202311291139,-17.819999999992433,1,
TSLA,20231129,102025.74,102012.14,1144,1145,'202311291144,-13.60000000000582,1,
TSLA,20231129,102012.14,101990.54,1218,1219,'202311291218,-21.60000000000582,1,
TSLA,20231129,101990.54,101981.74,1223,1225,'202311291223,-8.799999999988358,2,
TSLA,20231129,101981.74,101961.74,1229,1234,'202311291229,-20.0,5,
TSLA,20231129,101961.74,101920.14,1252,1256,'202311291252,-41.60000000000582,4,
TSLA,20231129,101920.14,101855.34,1300,1301,'202311291300,-64.80000000000291,1,
TSLA,20231129,101855.34,101830.23,1313,1328,'202311291313,-25.110000000000582,15,
TSLA,20231129,101830.23,101820.51,1332,1338,'202311291332,-9.720000000001164,6,
TSLA,20231129,101820.51,101811.6,1342,1343,'202311291342,-8.90999999998894,1,
TSLA,20231129,101811.6,101779.2,1403,1409,'202311291403,-32.40000000000873,6,
TSLA,20231129,101779.2,101760.57,1413,1414,'202311291413,-18.629999999990105,1,
TSLA,20231129,101760.57,101854.53,1428,1445,'202311291428,93.95999999999185,17,
TSLA,20231129,101854.53,101915.28,1501,1531,'202311291501,60.75,30,
TSLA,20231129,101915.28,101898.06,1535,1536,'202311291535,-17.220000000001164,1,
TSLA,20231129,101898.06,101867.72,1540,1541,'202311291540,-30.339999999996508,1,
TSLA,20231129,101867.72,101819.34,1545,1549,'202311291545,-48.38000000000466,4,
TSLA,20231130,101819.34,101948.08,0934,0944,'202311300934,128.74000000000524,10,
TSLA,20231130,101948.08,101899.7,0948,0951,'202311300948,-48.38000000000466,3,
TSLA,20231130,101899.7,101859.52,0955,0956,'202311300955,-40.179999999993015,1,
TSLA,20231130,101859.52,101782.33,1007,1011,'202311301007,-77.19000000000233,4,
TSLA,20231130,101782.33,101728.06,1022,1027,'202311301022,-54.270000000004075,5,
TSLA,20231130,101728.06,101742.82,1031,1037,'202311301031,14.760000000009313,6,
TSLA,20231130,101742.82,101777.68,1116,1136,'202311301116,34.85999999998603,20,
TSLA,20231130,101777.68,101756.1,1140,1141,'202311301140,-21.579999999987194,1,
TSLA,20231130,101756.1,101736.18,1159,1203,'202311301159,-19.920000000012806,4,
TSLA,20231130,101736.18,101727.05,1207,1214,'202311301207,-9.129999999990105,7,
TSLA,20231130,101727.05,101704.64,1218,1230,'202311301218,-22.410000000003492,12,
TSLA,20231130,101704.64,101810.05,1306,1355,'202311301306,105.41000000000349,49,
TSLA,20231130,101810.05,101791.79,1359,1400,'202311301359,-18.260000000009313,1,
TSLA,20231130,101791.79,101776.85,1428,1429,'202311301428,-14.939999999987776,1,
TSLA,20231130,101776.85,101804.24,1433,1455,'202311301433,27.389999999999418,22,
TSLA,20231130,101804.24,101771.44,1459,1502,'202311301459,-32.80000000000291,3,
TSLA,20231130,101771.44,101737.41,1512,1513,'202311301512,-34.029999999998836,1,
TSLA,20231130,101737.41,101710.85,1517,1518,'202311301517,-26.55999999999767,1,
TSLA,20231130,101710.85,101711.68,1522,1528,'202311301522,0.8299999999871943,6,
TSLA,20231130,101711.68,101699.23,1532,1544,'202311301532,-12.44999999999709,12,
TSLA,20231130,101699.23,101704.21,1548,1550,'202311301548,4.980000000010477,2,
TSLA,20231201,101704.21,101609.01,0933,0937,'202312010933,-95.20000000001164,4,
TSLA,20231201,101609.01,101601.36,0941,0943,'202312010941,-7.649999999994179,2,
TSLA,20231201,101601.36,101618.36,0947,0951,'202312010947,17.0,4,
TSLA,20231201,101618.36,101589.46,0955,0956,'202312010955,-28.89999999999418,1,
TSLA,20231201,101589.46,101515.51,1000,1008,'202312011000,-73.95000000001164,8,
TSLA,20231201,101515.51,101594.47,1012,1023,'202312011012,78.9600000000064,11,
TSLA,20231201,101594.47,101597.02,1027,1031,'202312011027,2.5500000000029104,4,
TSLA,20231201,101597.02,101581.72,1035,1044,'202312011035,-15.30000000000291,9,
TSLA,20231201,101581.72,101538.88,1111,1121,'202312011111,-42.83999999999651,10,
TSLA,20231201,101538.88,101496.04,1125,1127,'202312011125,-42.84000000001106,2,
TSLA,20231201,101496.04,101459.08,1131,1135,'202312011131,-36.95999999999185,4,
TSLA,20231201,101459.08,101427.16,1139,1140,'202312011139,-31.919999999998254,1,
TSLA,20231201,101427.16,101410.36,1154,1157,'202312011154,-16.80000000000291,3,
TSLA,20231201,101410.36,101478.4,1201,1216,'202312011201,68.0399999999936,15,
TSLA,20231201,101478.4,101569.7,1220,1249,'202312011220,91.30000000000291,29,
TSLA,20231201,101569.7,101543.97,1319,1325,'202312011319,-25.729999999995925,6,
TSLA,20231201,101543.97,101528.2,1329,1330,'202312011329,-15.770000000004075,1,
TSLA,20231201,101528.2,101512.24,1343,1344,'202312011343,-15.959999999991851,1,
TSLA,20231201,101512.24,101501.32,1348,1350,'202312011348,-10.919999999998254,2,
TSLA,20231201,101501.32,101487.04,1354,1355,'202312011354,-14.280000000013388,1,
TSLA,20231201,101487.04,101474.44,1359,1416,'202312011359,-12.599999999991269,17,
TSLA,20231201,101474.44,101453.44,1420,1421,'202312011420,-21.0,1,
TSLA,20231201,101453.44,101445.04,1425,1427,'202312011425,-8.400000000008731,2,
TSLA,20231201,101445.04,101410.18,1503,1506,'202312011503,-34.86000000000058,3,
TSLA,20231201,101410.18,101386.94,1531,1538,'202312011531,-23.239999999990687,7,
TSLA,20231201,101386.94,101365.36,1542,1543,'202312011542,-21.580000000001746,1,
TSLA,20231204,101365.36,101278.0,0933,0934,'202312040933,-87.36000000000058,1,
TSLA,20231204,101278.0,101293.12,0938,0947,'202312040938,15.119999999995343,9,
TSLA,20231204,101293.12,101281.5,0957,0958,'202312040957,-11.619999999995343,1,
TSLA,20231204,101281.5,101249.96,1002,1005,'202312041002,-31.539999999993597,3,
TSLA,20231204,101249.96,101213.84,1009,1012,'202312041009,-36.120000000009895,3,
TSLA,20231204,101213.84,101193.68,1016,1018,'202312041016,-20.160000000003492,2,
TSLA,20231204,101193.68,101172.68,1038,1040,'202312041038,-21.0,2,
TSLA,20231204,101172.68,101253.43,1044,1105,'202312041044,80.75,21,
TSLA,20231204,101253.43,101243.35,1152,1205,'202312041152,-10.079999999987194,13,
TSLA,20231204,101243.35,101236.63,1209,1212,'202312041209,-6.720000000001164,3,
TSLA,20231204,101236.63,101284.51,1216,1317,'202312041216,47.879999999990105,61,
TSLA,20231204,101284.51,101263.51,1328,1340,'202312041328,-21.0,12,
TSLA,20231204,101263.51,101247.55,1344,1346,'202312041344,-15.959999999991851,2,
TSLA,20231204,101247.55,101213.95,1404,1410,'202312041404,-33.60000000000582,6,
TSLA,20231204,101213.95,101203.87,1506,1507,'202312041506,-10.080000000001746,1,
TSLA,20231204,101203.87,101171.95,1511,1518,'202312041511,-31.919999999998254,7,
TSLA,20231204,101171.95,101164.39,1522,1531,'202312041522,-7.559999999997672,9,
TSLA,20231204,101164.39,101146.75,1535,1544,'202312041535,-17.639999999999418,9,
TSLA,20231204,101146.75,101095.51,1548,1550,'202312041548,-51.24000000000524,2,
TSLA,20231205,101095.51,101095.51,0935,0939,'202312050935,0.0,4,
TSLA,20231205,101095.51,101030.77,0943,0945,'202312050943,-64.73999999999069,2,
TSLA,20231205,101030.77,100971.13,0949,0951,'202312050949,-59.63999999999942,2,
TSLA,20231205,100971.13,101314.69,0955,1025,'202312050955,343.5599999999977,30,
TSLA,20231205,101314.69,101624.65,1029,1058,'202312051029,309.95999999999185,29,
TSLA,20231205,101624.65,101589.01,1102,1110,'202312051102,-35.63999999999942,8,
TSLA,20231205,101589.01,101572.61,1156,1158,'202312051156,-16.39999999999418,2,
TSLA,20231205,101572.61,101553.75,1202,1215,'202312051202,-18.860000000000582,13,
TSLA,20231205,101553.75,101525.05,1219,1221,'202312051219,-28.69999999999709,2,
TSLA,20231205,101525.05,101512.75,1225,1226,'202312051225,-12.30000000000291,1,
TSLA,20231205,101512.75,101732.51,1230,1314,'202312051230,219.75999999999476,44,
TSLA,20231205,101732.51,101676.07,1318,1320,'202312051318,-56.439999999987776,2,
TSLA,20231205,101676.07,101871.23,1324,1414,'202312051324,195.15999999998894,50,
TSLA,20231205,101871.23,101860.44,1435,1437,'202312051435,-10.789999999993597,2,
TSLA,20231205,101860.44,101830.56,1441,1446,'202312051441,-29.880000000004657,5,
TSLA,20231205,101830.56,101804.0,1502,1504,'202312051502,-26.55999999999767,2,
TSLA,20231205,101804.0,101764.16,1508,1521,'202312051508,-39.83999999999651,13,
TSLA,20231205,101764.16,101755.86,1548,1550,'202312051548,-8.30000000000291,2,
TSLA,20231205,101755.86,101759.18,1554,1557,'202312051554,3.319999999992433,3,
TSLA,20231206,101759.18,101630.39,0933,0935,'202312060933,-128.7899999999936,2,
TSLA,20231206,101630.39,101758.31,0939,0948,'202312060939,127.91999999999825,9,
TSLA,20231206,101758.31,101716.19,0952,0953,'202312060952,-42.11999999999534,1,
TSLA,20231206,101716.19,101698.37,0957,0958,'202312060957,-17.820000000006985,1,
TSLA,20231206,101698.37,101674.07,1002,1007,'202312061002,-24.29999999998836,5,
TSLA,20231206,101674.07,101648.15,1011,1016,'202312061011,-25.920000000012806,5,
TSLA,20231206,101648.15,101605.51,1020,1021,'202312061020,-42.63999999999942,1,
TSLA,20231206,101605.51,101580.91,1028,1030,'202312061028,-24.59999999999127,2,
TSLA,20231206,101580.91,101566.15,1034,1035,'202312061034,-14.760000000009313,1,
TSLA,20231206,101566.15,101559.59,1039,1044,'202312061039,-6.559999999997672,5,
TSLA,20231206,101559.59,101513.42,1125,1126,'202312061125,-46.169999999998254,1,
TSLA,20231206,101513.42,101622.77,1130,1147,'202312061130,109.35000000000582,17,
TSLA,20231206,101622.77,101585.87,1218,1221,'202312061218,-36.90000000000873,3,
TSLA,20231206,101585.87,101565.62,1247,1248,'202312061247,-20.25,1,
TSLA,20231206,101565.62,101655.53,1303,1327,'202312061303,89.91000000000349,24,
TSLA,20231206,101655.53,101640.77,1331,1335,'202312061331,-14.759999999994761,4,
TSLA,20231206,101640.77,101664.55,1339,1351,'202312061339,23.779999999998836,12,
TSLA,20231206,101664.55,101622.73,1355,1412,'202312061355,-41.820000000006985,17,
TSLA,20231206,101622.73,101605.51,1416,1417,'202312061416,-17.220000000001164,1,
TSLA,20231206,101605.51,101578.45,1421,1425,'202312061421,-27.05999999999767,4,
TSLA,20231206,101578.45,101562.87,1429,1431,'202312061429,-15.580000000001746,2,
TSLA,20231206,101562.87,101543.19,1435,1436,'202312061435,-19.679999999993015,1,
TSLA,20231206,101543.19,101521.05,1440,1441,'202312061440,-22.139999999999418,1,
TSLA,20231206,101521.05,101512.03,1445,1446,'202312061445,-9.020000000004075,1,
TSLA,20231206,101512.03,101640.77,1505,1534,'202312061505,128.74000000000524,29,
TSLA,20231206,101640.77,101632.47,1538,1540,'202312061538,-8.30000000000291,2,
TSLA,20231206,101632.47,101729.58,1544,1557,'202312061544,97.11000000000058,13,
TSLA,20231207,101729.58,101751.16,0933,0937,'202312070933,21.580000000001746,4,
TSLA,20231207,101751.16,101673.88,0942,0944,'202312070942,-77.27999999999884,2,
TSLA,20231207,101673.88,101603.32,0948,0952,'202312070948,-70.55999999999767,4,
TSLA,20231207,101603.32,101584.23,0956,0958,'202312070956,-19.09000000001106,2,
TSLA,20231207,101584.23,101538.03,1002,1007,'202312071002,-46.19999999999709,5,
TSLA,20231207,101538.03,101523.09,1011,1012,'202312071011,-14.940000000002328,1,
TSLA,20231207,101523.09,101699.88,1046,1111,'202312071046,176.79000000000815,25,
TSLA,20231207,101699.88,101691.68,1132,1156,'202312071132,-8.200000000011642,24,
TSLA,20231207,101691.68,101677.57,1238,1240,'202312071238,-14.10999999998603,2,
TSLA,20231207,101677.57,101677.57,1244,1254,'202312071244,0.0,10,
TSLA,20231207,101677.57,101654.33,1258,1305,'202312071258,-23.24000000000524,7,
TSLA,20231207,101654.33,101641.05,1319,1324,'202312071319,-13.279999999998836,5,
TSLA,20231207,101641.05,101599.55,1328,1330,'202312071328,-41.5,2,
TSLA,20231207,101599.55,101548.71,1400,1406,'202312071400,-50.83999999999651,6,
TSLA,20231207,101548.71,101531.49,1423,1425,'202312071423,-17.220000000001164,2,
TSLA,20231207,101531.49,101515.91,1429,1430,'202312071429,-15.580000000001746,1,
TSLA,20231207,101515.91,101512.63,1434,1435,'202312071434,-3.279999999998836,1,
TSLA,20231207,101512.63,101502.79,1502,1522,'202312071502,-9.84000000001106,20,
TSLA,20231207,101502.79,101501.15,1531,1532,'202312071531,-1.639999999999418,1,
TSLA,20231207,101501.15,101588.89,1536,1557,'202312071536,87.74000000000524,21,
TSLA,20231208,101588.89,101575.77,0933,0935,'202312080933,-13.119999999995343,2,
TSLA,20231208,101575.77,101519.19,0943,0946,'202312080943,-56.580000000001746,3,
TSLA,20231208,101519.19,101491.31,0950,0951,'202312080950,-27.880000000004657,1,
TSLA,20231208,101491.31,101652.03,0955,1012,'202312080955,160.72000000000116,17,
TSLA,20231208,101652.03,101610.72,1016,1018,'202312081016,-41.30999999999767,2,
TSLA,20231208,101610.72,101568.6,1022,1033,'202312081022,-42.11999999999534,11,
TSLA,20231208,101568.6,101536.62,1037,1038,'202312081037,-31.980000000010477,1,
TSLA,20231208,101536.62,101574.69,1055,1103,'202312081055,38.070000000006985,8,
TSLA,20231208,101574.69,101547.15,1107,1110,'202312081107,-27.54000000000815,3,
TSLA,20231208,101547.15,101519.27,1148,1150,'202312081148,-27.879999999990105,2,
TSLA,20231208,101519.27,101513.53,1154,1155,'202312081154,-5.740000000005239,1,
TSLA,20231208,101513.53,101499.59,1159,1200,'202312081159,-13.940000000002328,1,
TSLA,20231208,101499.59,101543.05,1204,1220,'202312081204,43.4600000000064,16,
TSLA,20231208,101543.05,101520.91,1224,1225,'202312081224,-22.139999999999418,1,
TSLA,20231208,101520.91,101520.09,1229,1241,'202312081229,-0.8200000000069849,12,
TSLA,20231208,101520.09,101506.15,1245,1259,'202312081245,-13.940000000002328,14,
TSLA,20231208,101506.15,101606.19,1331,1453,'202312081331,100.04000000000815,82,
TSLA,20231208,101606.19,101589.79,1508,1515,'202312081508,-16.40000000000873,7,
TSLA,20231208,101589.79,101588.97,1519,1550,'202312081519,-0.819999999992433,31,
TSLA,20231208,101588.97,101578.31,1554,1555,'202312081554,-10.660000000003492,1,
TSLA,20231211,101578.31,101547.97,0933,0938,'202312110933,-30.339999999996508,5,
TSLA,20231211,101547.97,101526.65,0942,0945,'202312110942,-21.320000000006985,3,
TSLA,20231211,101526.65,101520.91,0949,0953,'202312110949,-5.739999999990687,4,
TSLA,20231211,101520.91,101476.63,0957,1000,'202312110957,-44.279999999998836,3,
TSLA,20231211,101476.63,101483.19,1004,1015,'202312111004,6.559999999997672,11,
TSLA,20231211,101483.19,101453.31,1019,1020,'202312111019,-29.880000000004657,1,
TSLA,20231211,101453.31,101466.59,1024,1032,'202312111024,13.279999999998836,8,
TSLA,20231211,101466.59,101456.63,1036,1042,'202312111036,-9.959999999991851,6,
TSLA,20231211,101456.63,101484.85,1109,1124,'202312111109,28.220000000001164,15,
TSLA,20231211,101484.85,101592.75,1128,1203,'202312111128,107.89999999999418,35,
TSLA,20231211,101592.75,101574.49,1329,1355,'202312111329,-18.25999999999476,26,
TSLA,20231211,101574.49,101578.64,1408,1440,'202312111408,4.149999999994179,32,
TSLA,20231211,101578.64,101557.89,1446,1457,'202312111446,-20.75,11,
TSLA,20231211,101557.89,101531.33,1508,1509,'202312111508,-26.55999999999767,1,
TSLA,20231212,101531.33,101579.21,0933,0940,'202312120933,47.88000000000466,7,
TSLA,20231212,101579.21,101513.76,0944,0948,'202312120944,-65.45000000001164,4,
TSLA,20231212,101513.76,101443.2,0952,0955,'202312120952,-70.55999999999767,3,
TSLA,20231212,101443.2,101421.95,1047,1100,'202312121047,-21.25,13,
TSLA,20231212,101421.95,101449.67,1104,1116,'202312121104,27.720000000001164,12,
TSLA,20231212,101449.67,101427.57,1134,1142,'202312121134,-22.09999999999127,8,
TSLA,20231212,101427.57,101498.97,1146,1224,'202312121146,71.39999999999418,38,
TSLA,20231212,101498.97,101483.67,1228,1242,'202312121228,-15.30000000000291,14,
TSLA,20231212,101483.67,101453.92,1246,1250,'202312121246,-29.75,4,
TSLA,20231212,101453.92,101448.88,1311,1316,'202312121311,-5.039999999993597,5,
TSLA,20231212,101448.88,101540.44,1343,1454,'202312121343,91.55999999999767,71,
TSLA,20231212,101540.44,101516.92,1505,1523,'202312121505,-23.520000000004075,18,
TSLA,20231212,101516.92,101500.12,1527,1531,'202312121527,-16.80000000000291,4,
TSLA,20231213,101500.12,101639.52,0950,1005,'202312130950,139.40000000000873,15,
TSLA,20231213,101639.52,101598.72,1009,1016,'202312131009,-40.80000000000291,7,
TSLA,20231213,101598.72,101572.37,1020,1026,'202312131020,-26.35000000000582,6,
TSLA,20231213,101572.37,101784.02,1054,1117,'202312131054,211.65000000000873,23,
TSLA,20231213,101784.02,101814.47,1121,1127,'202312131121,30.44999999999709,6,
TSLA,20231213,101814.47,101800.71,1256,1302,'202312131256,-13.759999999994761,6,
TSLA,20231213,101800.71,101774.91,1306,1307,'202312131306,-25.80000000000291,1,
TSLA,20231213,101774.91,101766.31,1343,1359,'202312131343,-8.60000000000582,16,
TSLA,20231213,101766.31,101729.76,1403,1414,'202312131403,-36.55000000000291,11,
TSLA,20231213,101729.76,101709.36,1418,1424,'202312131418,-20.39999999999418,6,
TSLA,20231213,101709.36,101602.26,1428,1431,'202312131428,-107.10000000000582,3,
TSLA,20231213,101602.26,101817.31,1438,1459,'202312131438,215.0500000000029,21,
TSLA,20231213,101817.31,101796.56,1503,1506,'202312131503,-20.75,3,
TSLA,20231213,101796.56,101781.62,1510,1515,'202312131510,-14.940000000002328,5,
TSLA,20231213,101781.62,101767.34,1527,1528,'202312131527,-14.279999999998836,1,
TSLA,20231213,101767.34,101765.66,1532,1533,'202312131532,-1.679999999993015,1,
TSLA,20231214,101765.66,101708.15,0933,0935,'202312140933,-57.51000000000931,2,
TSLA,20231214,101708.15,101778.67,0939,0946,'202312140939,70.52000000000407,7,
TSLA,20231214,101778.67,101886.4,0950,1002,'202312140950,107.72999999999593,12,
TSLA,20231214,101886.4,102008.71,1006,1015,'202312141006,122.31000000001222,9,
TSLA,20231214,102008.71,101979.11,1019,1021,'202312141019,-29.60000000000582,2,
TSLA,20231214,101979.11,101960.71,1025,1029,'202312141025,-18.39999999999418,4,
TSLA,20231214,101960.71,102055.11,1033,1038,'202312141033,94.39999999999418,5,
TSLA,20231214,102055.11,101971.91,1042,1047,'202312141042,-83.19999999999709,5,
TSLA,20231214,101971.91,101978.31,1130,1136,'202312141130,6.399999999994179,6,
TSLA,20231214,101978.31,101947.91,1140,1141,'202312141140,-30.39999999999418,1,
TSLA,20231214,101947.91,101954.31,1145,1154,'202312141145,6.399999999994179,9,
TSLA,20231214,101954.31,101933.51,1158,1201,'202312141158,-20.80000000000291,3,
TSLA,20231214,101933.51,101903.49,1205,1206,'202312141205,-30.019999999989523,1,
TSLA,20231214,101903.49,101965.89,1210,1218,'202312141210,62.39999999999418,8,
TSLA,20231214,101965.89,102051.21,1222,1250,'202312141222,85.32000000000698,28,
TSLA,20231214,102051.21,101995.21,1303,1304,'202312141303,-56.0,1,
TSLA,20231214,101995.21,101905.94,1308,1310,'202312141308,-89.27000000000407,2,
TSLA,20231214,101905.94,101894.88,1327,1332,'202312141327,-11.059999999997672,5,
TSLA,20231214,101894.88,101869.6,1336,1340,'202312141336,-25.279999999998836,4,
TSLA,20231214,101869.6,101968.0,1344,1356,'202312141344,98.39999999999418,12,
TSLA,20231214,101968.0,101934.4,1400,1401,'202312141400,-33.60000000000582,1,
TSLA,20231214,101934.4,101908.33,1438,1444,'202312141438,-26.069999999992433,6,
TSLA,20231214,101908.33,101922.55,1448,1506,'202312141448,14.220000000001164,18,
TSLA,20231214,101922.55,101926.5,1510,1529,'202312141510,3.9499999999970896,19,
TSLA,20231214,101926.5,101906.75,1554,1556,'202312141554,-19.75,2,
TSLA,20231215,101906.75,101854.75,0935,0937,'202312150935,-52.0,2,
TSLA,20231215,101854.75,101762.32,0941,0942,'202312150941,-92.42999999999302,1,
TSLA,20231215,101762.32,101742.32,0953,1002,'202312150953,-20.0,9,
TSLA,20231215,101742.32,101728.89,1006,1007,'202312151006,-13.430000000007567,1,
TSLA,20231215,101728.89,101717.04,1011,1012,'202312151011,-11.85000000000582,1,
TSLA,20231215,101717.04,101670.43,1018,1019,'202312151018,-46.61000000000058,1,
TSLA,20231215,101670.43,101657.79,1023,1024,'202312151023,-12.639999999999418,1,
TSLA,20231215,101657.79,101622.24,1028,1035,'202312151028,-35.54999999998836,7,
TSLA,20231215,101622.24,101588.27,1039,1043,'202312151039,-33.970000000001164,4,
TSLA,20231215,101588.27,101542.45,1047,1048,'202312151047,-45.820000000006985,1,
TSLA,20231215,101542.45,101525.86,1052,1105,'202312151052,-16.589999999996508,13,
TSLA,20231215,101525.86,101491.89,1130,1131,'202312151130,-33.970000000001164,1,
TSLA,20231215,101491.89,101476.09,1135,1141,'202312151135,-15.80000000000291,6,
TSLA,20231215,101476.09,101518.75,1145,1203,'202312151145,42.66000000000349,18,
TSLA,20231215,101518.75,101526.65,1207,1242,'202312151207,7.899999999994179,35,
TSLA,20231215,101526.65,101516.38,1313,1317,'202312151313,-10.269999999989523,4,
TSLA,20231215,101516.38,101514.01,1321,1323,'202312151321,-2.3700000000098953,2,
TSLA,20231215,101514.01,101603.28,1327,1403,'202312151327,89.27000000000407,36,
TSLA,20231215,101603.28,101633.3,1407,1436,'202312151407,30.020000000004075,29,
TSLA,20231215,101633.3,101608.02,1440,1441,'202312151440,-25.279999999998836,1,
TSLA,20231215,101608.02,101578.0,1543,1545,'202312151543,-30.020000000004075,2,
TSLA,20231215,101578.0,101665.69,1549,1557,'202312151549,87.69000000000233,8,
TSLA,20231218,101665.69,101737.45,0933,0947,'202312180933,71.75999999999476,14,
TSLA,20231218,101737.45,101700.49,0951,0952,'202312180951,-36.95999999999185,1,
TSLA,20231218,101700.49,101813.59,0956,1027,'202312180956,113.09999999999127,31,
TSLA,20231218,101813.59,101771.24,1031,1037,'202312181031,-42.34999999999127,6,
TSLA,20231218,101771.24,101722.88,1103,1110,'202312181103,-48.36000000000058,7,
TSLA,20231218,101722.88,101706.5,1126,1130,'202312181126,-16.380000000004657,4,
TSLA,20231218,101706.5,101831.3,1134,1207,'202312181134,124.80000000000291,33,
TSLA,20231218,101831.3,101814.92,1211,1220,'202312181211,-16.380000000004657,9,
TSLA,20231218,101814.92,101810.24,1224,1226,'202312181224,-4.679999999993015,2,
TSLA,20231218,101810.24,101779.82,1313,1321,'202312181313,-30.419999999998254,8,
TSLA,20231218,101779.82,101805.56,1325,1345,'202312181325,25.739999999990687,20,
TSLA,20231218,101805.56,101794.64,1404,1406,'202312181404,-10.919999999998254,2,
TSLA,20231218,101794.64,101774.36,1419,1420,'202312181419,-20.279999999998836,1,
TSLA,20231218,101774.36,101787.62,1424,1440,'202312181424,13.259999999994761,16,
TSLA,20231218,101787.62,101789.2,1444,1452,'202312181444,1.5800000000017462,8,
TSLA,20231218,101789.2,101758.39,1538,1542,'202312181538,-30.80999999999767,4,
TSLA,20231218,101758.39,101749.7,1546,1549,'202312181546,-8.690000000002328,3,
TSLA,20231218,101749.7,101722.84,1553,1554,'202312181553,-26.860000000000582,1,
TSLA,20231219,101722.84,101695.54,0933,0944,'202312190933,-27.30000000000291,11,
TSLA,20231219,101695.54,101632.36,0948,0956,'202312190948,-63.179999999993015,8,
TSLA,20231219,101632.36,101656.54,1008,1036,'202312191008,24.179999999993015,28,
TSLA,20231219,101656.54,101703.51,1050,1116,'202312191050,46.970000000001164,26,
TSLA,20231219,101703.51,101708.13,1131,1150,'202312191131,4.620000000009895,19,
TSLA,20231219,101708.13,101701.89,1212,1213,'202312191212,-6.240000000005239,1,
TSLA,20231219,101701.89,101687.85,1217,1226,'202312191217,-14.039999999993597,9,
TSLA,20231219,101687.85,101677.71,1230,1237,'202312191230,-10.139999999999418,7,
TSLA,20231219,101677.71,101649.63,1251,1252,'202312191251,-28.080000000001746,1,
TSLA,20231219,101649.63,101631.69,1256,1257,'202312191256,-17.94000000000233,1,
TSLA,20231219,101631.69,101623.11,1301,1302,'202312191301,-8.580000000001746,1,
TSLA,20231219,101623.11,101583.33,1306,1312,'202312191306,-39.779999999998836,6,
TSLA,20231219,101583.33,101566.39,1342,1347,'202312191342,-16.94000000000233,5,
TSLA,20231219,101566.39,101547.67,1351,1352,'202312191351,-18.720000000001164,1,
TSLA,20231219,101547.67,101535.35,1445,1450,'202312191445,-12.319999999992433,5,
TSLA,20231219,101535.35,101518.41,1454,1455,'202312191454,-16.94000000000233,1,
TSLA,20231219,101518.41,101486.84,1459,1506,'202312191459,-31.570000000006985,7,
TSLA,20231219,101486.84,101482.22,1545,1548,'202312191545,-4.619999999995343,3,
TSLA,20231219,101482.22,101492.23,1552,1557,'202312191552,10.009999999994761,5,
TSLA,20231220,101492.23,101437.63,0933,0936,'202312200933,-54.59999999999127,3,
TSLA,20231220,101437.63,101516.94,0945,0956,'202312200945,79.30999999999767,11,
TSLA,20231220,101516.94,101503.85,1000,1010,'202312201000,-13.089999999996508,10,
TSLA,20231220,101503.85,101479.98,1014,1020,'202312201014,-23.870000000009895,6,
TSLA,20231220,101479.98,101436.09,1024,1027,'202312201024,-43.88999999999942,3,
TSLA,20231220,101436.09,101392.2,1031,1035,'202312201031,-43.88999999999942,4,
TSLA,20231220,101392.2,101372.18,1128,1137,'202312201128,-20.020000000004075,9,
TSLA,20231220,101372.18,101357.55,1141,1142,'202312201141,-14.629999999990105,1,
TSLA,20231220,101357.55,101335.22,1146,1147,'202312201146,-22.330000000001746,1,
TSLA,20231220,101335.22,101373.72,1157,1241,'202312201157,38.5,44,
TSLA,20231220,101373.72,101362.02,1245,1246,'202312201245,-11.69999999999709,1,
TSLA,20231220,101362.02,101354.32,1333,1336,'202312201333,-7.69999999999709,3,
TSLA,20231220,101354.32,101318.9,1340,1358,'202312201340,-35.420000000012806,18,
TSLA,20231220,101318.9,101304.86,1408,1410,'202312201408,-14.039999999993597,2,
TSLA,20231220,101304.86,101300.18,1414,1417,'202312201414,-4.680000000007567,3,
TSLA,20231220,101300.18,101709.68,1421,1455,'202312201421,409.5,34,
TSLA,20231220,101709.68,101788.88,1459,1506,'202312201459,79.20000000001164,7,
TSLA,20231220,101788.88,101736.08,1510,1511,'202312201510,-52.80000000000291,1,
TSLA,20231220,101736.08,101684.88,1528,1530,'202312201528,-51.19999999999709,2,
TSLA,20231220,101684.88,101656.88,1534,1542,'202312201534,-28.0,8,
TSLA,20231220,101656.88,101791.28,1546,1557,'202312201546,134.39999999999418,11,
TSLA,20231221,101791.28,101728.1,0933,0936,'202312210933,-63.179999999993015,3,
TSLA,20231221,101728.1,101740.74,0940,0947,'202312210940,12.639999999999418,7,
TSLA,20231221,101740.74,101715.46,0951,0952,'202312210951,-25.279999999998836,1,
TSLA,20231221,101715.46,101685.86,1007,1008,'202312211007,-29.60000000000582,1,
TSLA,20231221,101685.86,101655.46,1012,1013,'202312211012,-30.39999999999418,1,
TSLA,20231221,101655.46,101611.22,1017,1022,'202312211017,-44.24000000000524,5,
TSLA,20231221,101611.22,101640.45,1133,1152,'202312211133,29.229999999995925,19,
TSLA,20231221,101640.45,101595.42,1213,1218,'202312211213,-45.029999999998836,5,
TSLA,20231221,101595.42,101572.51,1222,1226,'202312211222,-22.910000000003492,4,
TSLA,20231221,101572.51,101552.76,1230,1231,'202312211230,-19.75,1,
TSLA,20231221,101552.76,101525.9,1257,1300,'202312211257,-26.860000000000582,3,
TSLA,20231221,101525.9,101486.4,1319,1321,'202312211319,-39.5,2,
TSLA,20231221,101486.4,101570.93,1348,1457,'202312211348,84.52999999999884,69,
TSLA,20231221,101570.93,101586.53,1506,1544,'202312211506,15.60000000000582,38,
TSLA,20231222,101586.53,101500.29,0933,0934,'202312220933,-86.24000000000524,1,
TSLA,20231222,101500.29,101478.73,0938,0945,'202312220938,-21.55999999999767,7,
TSLA,20231222,101478.73,101453.32,0949,0952,'202312220949,-25.40999999998894,3,
TSLA,20231222,101453.32,101433.3,0956,0957,'202312220956,-20.020000000004075,1,
TSLA,20231222,101433.3,101432.53,1001,1005,'202312221001,-0.7700000000040745,4,
TSLA,20231222,101432.53,101414.05,1009,1013,'202312221009,-18.479999999995925,4,
TSLA,20231222,101414.05,101395.33,1017,1019,'202312221017,-18.720000000001164,2,
TSLA,20231222,101395.33,101400.79,1103,1109,'202312221103,5.459999999991851,6,
TSLA,20231222,101400.79,101389.09,1113,1115,'202312221113,-11.69999999999709,2,
TSLA,20231222,101389.09,101373.49,1119,1120,'202312221119,-15.599999999991269,1,
TSLA,20231222,101373.49,101360.23,1124,1126,'202312221124,-13.260000000009313,2,
TSLA,20231222,101360.23,101332.15,1130,1131,'202312221130,-28.080000000001746,1,
TSLA,20231222,101332.15,101306.41,1224,1228,'202312221224,-25.739999999990687,4,
TSLA,20231222,101306.41,101294.71,1232,1233,'202312221232,-11.69999999999709,1,
TSLA,20231222,101294.71,101272.09,1237,1245,'202312221237,-22.620000000009895,8,
TSLA,20231222,101272.09,101580.97,1249,1436,'202312221249,308.88000000000466,107,
TSLA,20231222,101580.97,101558.06,1440,1442,'202312221440,-22.910000000003492,2,
TSLA,20231222,101558.06,101532.78,1446,1452,'202312221446,-25.279999999998836,6,
TSLA,20231222,101532.78,101541.47,1543,1557,'202312221543,8.690000000002328,14,
TSLA,20231226,101541.47,101501.69,0933,0934,'202312260933,-39.779999999998836,1,
TSLA,20231226,101501.69,101464.25,0938,0939,'202312260938,-37.44000000000233,1,
TSLA,20231226,101464.25,101451.77,1000,1006,'202312261000,-12.479999999995925,6,
TSLA,20231226,101451.77,101482.97,1010,1029,'202312261010,31.19999999999709,19,
TSLA,20231226,101482.97,101458.33,1033,1038,'202312261033,-24.639999999999418,5,
TSLA,20231226,101458.33,101441.17,1042,1043,'202312261042,-17.160000000003492,1,
TSLA,20231226,101441.17,101421.15,1106,1126,'202312261106,-20.020000000004075,20,
TSLA,20231226,101421.15,101411.91,1152,1200,'202312261152,-9.239999999990687,8,
TSLA,20231226,101411.91,101394.2,1204,1206,'202312261204,-17.710000000006403,2,
TSLA,20231226,101394.2,101403.44,1210,1243,'202312261210,9.240000000005239,33,
TSLA,20231226,101403.44,101402.67,1319,1341,'202312261319,-0.7700000000040745,22,
TSLA,20231226,101402.67,101397.99,1453,1455,'202312261453,-4.679999999993015,2,
TSLA,20231226,101397.99,101385.67,1459,1504,'202312261459,-12.320000000006985,5,
TSLA,20231226,101385.67,101355.64,1535,1536,'202312261535,-30.029999999998836,1,
TSLA,20231226,101355.64,101326.38,1540,1545,'202312261540,-29.25999999999476,5,
TSLA,20231226,101326.38,101314.06,1549,1550,'202312261549,-12.320000000006985,1,
TSLA,20231227,101314.06,101413.62,0933,0948,'202312270933,99.55999999999767,15,
TSLA,20231227,101413.62,101390.82,0952,1011,'202312270952,-22.79999999998836,19,
TSLA,20231227,101390.82,101356.62,1107,1109,'202312271107,-34.20000000001164,2,
TSLA,20231227,101356.62,101325.46,1113,1114,'202312271113,-31.15999999998894,1,
TSLA,20231227,101325.46,101304.94,1118,1119,'202312271118,-20.520000000004075,1,
TSLA,20231227,101304.94,101298.1,1219,1220,'202312271219,-6.8399999999965075,1,
TSLA,20231227,101298.1,101294.3,1224,1310,'202312271224,-3.8000000000029104,46,
TSLA,20231227,101294.3,101270.74,1331,1337,'202312271331,-23.55999999999767,6,
TSLA,20231227,101270.74,101261.62,1341,1343,'202312271341,-9.120000000009895,2,
TSLA,20231227,101261.62,101250.98,1347,1349,'202312271347,-10.639999999999418,2,
TSLA,20231227,101250.98,101240.34,1353,1359,'202312271353,-10.639999999999418,6,
TSLA,20231227,101240.34,101237.3,1408,1409,'202312271408,-3.039999999993597,1,
TSLA,20231227,101237.3,101227.42,1413,1421,'202312271413,-9.880000000004657,8,
TSLA,20231227,101227.42,101209.18,1425,1430,'202312271425,-18.24000000000524,5,
TSLA,20231227,101209.18,101293.54,1434,1536,'202312271434,84.36000000000058,62,
TSLA,20231228,101293.54,101232.04,0933,0935,'202312280933,-61.5,2,
TSLA,20231228,101232.04,101207.29,0939,0949,'202312280939,-24.75,10,
TSLA,20231228,101207.29,101187.53,0953,0959,'202312280953,-19.75999999999476,6,
TSLA,20231228,101187.53,101217.17,1003,1008,'202312281003,29.639999999999418,5,
TSLA,20231228,101217.17,101198.17,1012,1014,'202312281012,-19.0,2,
TSLA,20231228,101198.17,101186.77,1018,1021,'202312281018,-11.39999999999418,3,
TSLA,20231228,101186.77,101175.37,1025,1044,'202312281025,-11.400000000008731,19,
TSLA,20231228,101175.37,101284.81,1101,1141,'202312281101,109.44000000000233,40,
TSLA,20231228,101284.81,101264.02,1145,1206,'202312281145,-20.789999999993597,21,
TSLA,20231228,101264.02,101252.47,1210,1233,'202312281210,-11.55000000000291,23,
TSLA,20231228,101252.47,101244.0,1252,1254,'202312281252,-8.470000000001164,2,
TSLA,20231228,101244.0,101469.61,1258,1423,'202312281258,225.61000000000058,85,
TSLA,20231228,101469.61,101642.77,1427,1519,'202312281427,173.1600000000035,52,
TSLA,20231228,101642.77,101671.63,1554,1557,'202312281554,28.860000000000582,3,
TSLA,20231229,101671.63,101618.7,0936,0937,'202312290936,-52.93000000000757,1,
TSLA,20231229,101618.7,101577.62,0941,0942,'202312290941,-41.080000000001746,1,
TSLA,20231229,101577.62,101536.28,0946,0948,'202312290946,-41.33999999999651,2,
TSLA,20231229,101536.28,101511.0,1004,1005,'202312291004,-25.279999999998836,1,
TSLA,20231229,101511.0,101475.45,1009,1016,'202312291009,-35.55000000000291,7,
TSLA,20231229,101475.45,101759.06,1020,1050,'202312291020,283.6100000000006,30,
TSLA,20231229,101759.06,101708.66,1054,1056,'202312291054,-50.39999999999418,2,
TSLA,20231229,101708.66,101823.86,1100,1117,'202312291100,115.19999999999709,17,
TSLA,20231229,101823.86,101821.46,1121,1134,'202312291121,-2.3999999999941792,13,
TSLA,20231229,101821.46,101806.26,1138,1141,'202312291138,-15.200000000011642,3,
TSLA,20231229,101806.26,101820.66,1217,1233,'202312291217,14.400000000008731,16,
TSLA,20231229,101820.66,101799.06,1237,1238,'202312291237,-21.60000000000582,1,
TSLA,20231229,101799.06,101823.06,1242,1305,'202312291242,24.0,23,
TSLA,20231229,101823.06,101869.46,1318,1404,'202312291318,46.40000000000873,46,
TSLA,20231229,101869.46,101860.66,1433,1437,'202312291433,-8.80000000000291,4,
TSLA,20231229,101860.66,101831.43,1441,1452,'202312291441,-29.230000000010477,11,
TSLA,20231229,101831.43,101813.83,1506,1508,'202312291506,-17.59999999999127,2,
TSLA,20231229,101813.83,101959.19,1512,1557,'202312291512,145.36000000000058,45,
TSLA,20240102,101959.19,101908.16,0935,0937,'202401020935,-51.029999999998836,2,
TSLA,20240102,101908.16,101862.8,0941,0944,'202401020941,-45.36000000000058,3,
TSLA,20240102,101862.8,101841.74,0948,0950,'202401020948,-21.05999999999767,2,
TSLA,20240102,101841.74,101796.14,1003,1008,'202401021003,-45.60000000000582,5,
TSLA,20240102,101796.14,101740.94,1012,1014,'202401021012,-55.19999999999709,2,
TSLA,20240102,101740.94,101878.54,1018,1026,'202401021018,137.59999999999127,8,
TSLA,20240102,101878.54,101800.14,1030,1031,'202401021030,-78.39999999999418,1,
TSLA,20240102,101800.14,101924.14,1058,1152,'202401021058,124.0,54,
TSLA,20240102,101924.14,101906.76,1156,1157,'202401021156,-17.380000000004657,1,
TSLA,20240102,101906.76,101879.9,1201,1202,'202401021201,-26.860000000000582,1,
TSLA,20240102,101879.9,101867.1,1223,1232,'202401021223,-12.799999999988358,9,
TSLA,20240102,101867.1,101831.1,1236,1240,'202401021236,-36.0,4,
TSLA,20240102,101831.1,101835.9,1251,1313,'202401021251,4.7999999999883585,22,
TSLA,20240102,101835.9,101821.5,1333,1350,'202401021333,-14.39999999999418,17,
TSLA,20240102,101821.5,101794.3,1354,1356,'202401021354,-27.19999999999709,2,
TSLA,20240102,101794.3,101782.3,1408,1409,'202401021408,-12.0,1,
TSLA,20240102,101782.3,101772.7,1413,1426,'202401021413,-9.60000000000582,13,
TSLA,20240102,101772.7,101782.3,1502,1547,'202401021502,9.60000000000582,45,
TSLA,20240102,101782.3,101802.3,1553,1557,'202401021553,20.0,4,
TSLA,20240103,101802.3,101809.68,0933,0935,'202401030933,7.379999999990105,2,
TSLA,20240103,101809.68,101894.96,0939,0946,'202401030939,85.28000000001339,7,
TSLA,20240103,101894.96,101841.84,0950,0951,'202401030950,-53.120000000009895,1,
TSLA,20240103,101841.84,101811.13,0955,1000,'202401030955,-30.70999999999185,5,
TSLA,20240103,101811.13,101759.67,1004,1005,'202401031004,-51.4600000000064,1,
TSLA,20240103,101759.67,101819.43,1009,1018,'202401031009,59.75999999999476,9,
TSLA,20240103,101819.43,101797.59,1022,1023,'202401031022,-21.839999999996508,1,
TSLA,20240103,101797.59,101765.67,1027,1030,'202401031027,-31.919999999998254,3,
TSLA,20240103,101765.67,101737.95,1034,1035,'202401031034,-27.720000000001164,1,
TSLA,20240103,101737.95,101714.43,1039,1040,'202401031039,-23.520000000004075,1,
TSLA,20240103,101714.43,101652.18,1117,1125,'202401031117,-62.25,8,
TSLA,20240103,101652.18,101640.56,1129,1131,'202401031129,-11.619999999995343,2,
TSLA,20240103,101640.56,101651.35,1135,1142,'202401031135,10.790000000008149,7,
TSLA,20240103,101651.35,101603.21,1207,1209,'202401031207,-48.13999999999942,2,
TSLA,20240103,101603.21,101564.2,1213,1214,'202401031213,-39.01000000000931,1,
TSLA,20240103,101564.2,101537.64,1230,1231,'202401031230,-26.55999999999767,1,
TSLA,20240103,101537.64,101543.45,1235,1244,'202401031235,5.809999999997672,9,
TSLA,20240103,101543.45,101523.53,1248,1250,'202401031248,-19.919999999998254,2,
TSLA,20240103,101523.53,101523.53,1254,1316,'202401031254,0.0,22,
TSLA,20240103,101523.53,101469.58,1346,1402,'202401031346,-53.94999999999709,16,
TSLA,20240103,101469.58,101436.38,1408,1411,'202401031408,-33.19999999999709,3,
TSLA,20240103,101436.38,101408.16,1415,1416,'202401031415,-28.220000000001164,1,
TSLA,20240103,101408.16,101408.99,1420,1424,'202401031420,0.8300000000017462,4,
TSLA,20240103,101408.99,101395.05,1432,1433,'202401031432,-13.940000000002328,1,
TSLA,20240103,101395.05,101386.75,1437,1449,'202401031437,-8.30000000000291,12,
TSLA,20240103,101386.75,101365.17,1526,1529,'202401031526,-21.580000000001746,3,
TSLA,20240103,101365.17,101429.91,1533,1555,'202401031533,64.74000000000524,22,
TSLA,20240104,101429.91,101490.5,0958,1005,'202401040958,60.58999999999651,7,
TSLA,20240104,101490.5,101477.38,1009,1010,'202401041009,-13.119999999995343,1,
TSLA,20240104,101477.38,101450.82,1014,1015,'202401041014,-26.55999999999767,1,
TSLA,20240104,101450.82,101415.13,1019,1023,'202401041019,-35.69000000000233,4,
TSLA,20240104,101415.13,101491.49,1027,1055,'202401041027,76.36000000000058,28,
TSLA,20240104,101491.49,101483.29,1109,1124,'202401041109,-8.200000000011642,15,
TSLA,20240104,101483.29,101459.51,1128,1130,'202401041128,-23.779999999998836,2,
TSLA,20240104,101459.51,101429.63,1208,1210,'202401041208,-29.879999999990105,2,
TSLA,20240104,101429.63,101404.73,1214,1225,'202401041214,-24.90000000000873,11,
TSLA,20240104,101404.73,101368.21,1247,1254,'202401041247,-36.51999999998952,7,
TSLA,20240104,101368.21,101355.91,1258,1300,'202401041258,-12.30000000000291,2,
TSLA,20240104,101355.91,101358.37,1304,1320,'202401041304,2.459999999991851,16,
TSLA,20240104,101358.37,101322.68,1324,1326,'202401041324,-35.69000000000233,2,
TSLA,20240104,101322.68,101426.43,1354,1450,'202401041354,103.75,56,
TSLA,20240104,101426.43,101397.38,1517,1519,'202401041517,-29.04999999998836,2,
TSLA,20240104,101397.38,101379.95,1523,1525,'202401041523,-17.430000000007567,2,
TSLA,20240104,101379.95,101374.14,1529,1530,'202401041529,-5.809999999997672,1,
TSLA,20240104,101374.14,101467.93,1545,1557,'202401041545,93.7899999999936,12,
TSLA,20240105,101467.93,101424.25,0933,0934,'202401050933,-43.679999999993015,1,
TSLA,20240105,101424.25,101441.89,0938,0946,'202401050938,17.639999999999418,8,
TSLA,20240105,101441.89,101401.22,0950,0958,'202401050950,-40.669999999998254,8,
TSLA,20240105,101401.22,101368.02,1002,1008,'202401051002,-33.19999999999709,6,
TSLA,20240105,101368.02,101344.78,1012,1015,'202401051012,-23.24000000000524,3,
TSLA,20240105,101344.78,101325.69,1019,1020,'202401051019,-19.089999999996508,1,
TSLA,20240105,101325.69,101314.07,1024,1043,'202401051024,-11.619999999995343,19,
TSLA,20240105,101314.07,101295.81,1047,1050,'202401051047,-18.260000000009313,3,
TSLA,20240105,101295.81,101274.23,1054,1057,'202401051054,-21.580000000001746,3,
TSLA,20240105,101274.23,101235.22,1101,1104,'202401051101,-39.00999999999476,3,
TSLA,20240105,101235.22,101222.77,1108,1110,'202401051108,-12.44999999999709,2,
TSLA,20240105,101222.77,101235.37,1203,1216,'202401051203,12.599999999991269,13,
TSLA,20240105,101235.37,101218.57,1220,1237,'202401051220,-16.79999999998836,17,
TSLA,20240105,101218.57,101201.77,1256,1257,'202401051256,-16.80000000000291,1,
TSLA,20240105,101201.77,101190.01,1301,1302,'202401051301,-11.760000000009313,1,
TSLA,20240105,101190.01,101235.66,1330,1415,'202401051330,45.65000000000873,45,
TSLA,20240105,101235.66,101218.02,1443,1446,'202401051443,-17.639999999999418,3,
TSLA,20240105,101218.02,101234.82,1450,1511,'202401051450,16.80000000000291,21,
TSLA,20240105,101234.82,101236.5,1515,1545,'202401051515,1.679999999993015,30,
TSLA,20240108,101236.5,101199.15,0955,1000,'202401080955,-37.35000000000582,5,
TSLA,20240108,101199.15,101181.51,1004,1007,'202401081004,-17.639999999999418,3,
TSLA,20240108,101181.51,101154.63,1011,1013,'202401081011,-26.879999999990105,2,
TSLA,20240108,101154.63,101130.56,1105,1109,'202401081105,-24.070000000006985,4,
TSLA,20240108,101130.56,101105.36,1113,1115,'202401081113,-25.19999999999709,2,
TSLA,20240108,101105.36,101115.44,1119,1147,'202401081119,10.080000000001746,28,
TSLA,20240108,101115.44,101123.74,1203,1225,'202401081203,8.30000000000291,22,
TSLA,20240108,101123.74,101119.59,1229,1236,'202401081229,-4.150000000008731,7,
TSLA,20240108,101119.59,101100.5,1240,1245,'202401081240,-19.089999999996508,5,
TSLA,20240108,101100.5,101080.58,1309,1310,'202401081309,-19.919999999998254,1,
TSLA,20240108,101080.58,101067.3,1314,1318,'202401081314,-13.279999999998836,4,
TSLA,20240108,101067.3,101026.63,1322,1326,'202401081322,-40.669999999998254,4,
TSLA,20240108,101026.63,101117.1,1345,1545,'202401081345,90.47000000000116,120,
TSLA,20240109,101117.1,101282.58,0933,0955,'202401090933,165.47999999999593,22,
TSLA,20240109,101282.58,101275.86,0959,1000,'202401090959,-6.720000000001164,1,
TSLA,20240109,101275.86,101367.66,1004,1015,'202401091004,91.80000000000291,11,
TSLA,20240109,101367.66,101428.01,1019,1034,'202401091019,60.34999999999127,15,
TSLA,20240109,101428.01,101399.96,1038,1039,'202401091038,-28.04999999998836,1,
TSLA,20240109,101399.96,101396.56,1043,1051,'202401091043,-3.400000000008731,8,
TSLA,20240109,101396.56,101386.36,1118,1119,'202401091118,-10.19999999999709,1,
TSLA,20240109,101386.36,101379.56,1123,1124,'202401091123,-6.80000000000291,1,
TSLA,20240109,101379.56,101374.46,1128,1129,'202401091128,-5.099999999991269,1,
TSLA,20240109,101374.46,101355.76,1157,1200,'202401091157,-18.70000000001164,3,
TSLA,20240109,101355.76,101337.91,1204,1214,'202401091204,-17.84999999999127,10,
TSLA,20240109,101337.91,101326.86,1218,1219,'202401091218,-11.05000000000291,1,
TSLA,20240109,101326.86,101315.81,1301,1323,'202401091301,-11.05000000000291,22,
TSLA,20240109,101315.81,101269.91,1333,1337,'202401091333,-45.89999999999418,4,
TSLA,20240109,101269.91,101255.46,1341,1347,'202401091341,-14.44999999999709,6,
TSLA,20240109,101255.46,101244.41,1405,1407,'202401091405,-11.05000000000291,2,
TSLA,20240109,101244.41,101213.81,1411,1413,'202401091411,-30.60000000000582,2,
TSLA,20240109,101213.81,101194.26,1438,1444,'202401091438,-19.55000000000291,6,
TSLA,20240109,101194.26,101160.26,1448,1452,'202401091448,-34.0,4,
TSLA,20240109,101160.26,101180.66,1456,1540,'202401091456,20.40000000000873,44,
TSLA,20240110,101180.66,101155.16,0942,0943,'202401100942,-25.5,1,
TSLA,20240110,101155.16,101200.21,0947,0959,'202401100947,45.05000000000291,12,
TSLA,20240110,101200.21,101170.11,1003,1011,'202401101003,-30.10000000000582,8,
TSLA,20240110,101170.11,101158.21,1050,1052,'202401101050,-11.89999999999418,2,
TSLA,20240110,101158.21,101189.66,1056,1108,'202401101056,31.44999999999709,12,
TSLA,20240110,101189.66,101186.26,1127,1135,'202401101127,-3.400000000008731,8,
TSLA,20240110,101186.26,101171.81,1139,1140,'202401101139,-14.44999999999709,1,
TSLA,20240110,101171.81,101165.01,1154,1155,'202401101154,-6.80000000000291,1,
TSLA,20240110,101165.01,101165.01,1159,1208,'202401101159,0.0,9,
TSLA,20240110,101165.01,101160.76,1228,1246,'202401101228,-4.25,18,
TSLA,20240110,101160.76,101137.81,1250,1258,'202401101250,-22.94999999999709,8,
TSLA,20240110,101137.81,101125.06,1304,1305,'202401101304,-12.75,1,
TSLA,20240110,101125.06,101110.61,1348,1351,'202401101348,-14.44999999999709,3,
TSLA,20240110,101110.61,101134.41,1355,1434,'202401101355,23.80000000000291,39,
TSLA,20240110,101134.41,101116.56,1451,1505,'202401101451,-17.85000000000582,14,
TSLA,20240110,101116.56,101106.36,1528,1531,'202401101528,-10.19999999999709,3,
TSLA,20240110,101106.36,101113.16,1535,1554,'202401101535,6.80000000000291,19,
TSLA,20240111,101113.16,101106.2,0933,0937,'202401110933,-6.960000000006403,4,
TSLA,20240111,101106.2,101112.22,0941,0947,'202401110941,6.0200000000040745,6,
TSLA,20240111,101112.22,101325.37,0951,1011,'202401110951,213.14999999999418,20,
TSLA,20240111,101325.37,101284.01,1015,1018,'202401111015,-41.36000000000058,3,
TSLA,20240111,101284.01,101215.28,1022,1028,'202401111022,-68.72999999999593,6,
TSLA,20240111,101215.28,101197.68,1046,1056,'202401111046,-17.60000000000582,10,
TSLA,20240111,101197.68,101263.68,1100,1121,'202401111100,66.0,21,
TSLA,20240111,101263.68,101252.24,1125,1141,'202401111125,-11.439999999987776,16,
TSLA,20240111,101252.24,101205.6,1145,1147,'202401111145,-46.63999999999942,2,
TSLA,20240111,101205.6,101180.96,1159,1202,'202401111159,-24.639999999999418,3,
TSLA,20240111,101180.96,101166.0,1206,1212,'202401111206,-14.960000000006403,6,
TSLA,20240111,101166.0,101172.16,1216,1235,'202401111216,6.1600000000034925,19,
TSLA,20240111,101172.16,101144.88,1239,1240,'202401111239,-27.279999999998836,1,
TSLA,20240111,101144.88,101118.48,1259,1301,'202401111259,-26.40000000000873,2,
TSLA,20240111,101118.48,101114.08,1305,1317,'202401111305,-4.399999999994179,12,
TSLA,20240111,101114.08,101109.68,1321,1340,'202401111321,-4.400000000008731,19,
TSLA,20240111,101109.68,101089.67,1357,1359,'202401111357,-20.00999999999476,2,
TSLA,20240111,101089.67,101117.51,1449,1502,'202401111449,27.839999999996508,13,
TSLA,20240111,101117.51,101079.23,1506,1510,'202401111506,-38.279999999998836,4,
TSLA,20240111,101079.23,101072.19,1548,1556,'202401111548,-7.039999999993597,8,
TSLA,20240112,101072.19,101030.36,0933,0934,'202401120933,-41.830000000001746,1,
TSLA,20240112,101030.36,101061.51,0948,0958,'202401120948,31.14999999999418,10,
TSLA,20240112,101061.51,101060.61,1050,1108,'202401121050,-0.8999999999941792,18,
TSLA,20240112,101060.61,101299.11,1134,1200,'202401121134,238.5,26,
TSLA,20240112,101299.11,101258.16,1204,1206,'202401121204,-40.94999999999709,2,
TSLA,20240112,101258.16,101219.03,1210,1211,'202401121210,-39.13000000000466,1,
TSLA,20240112,101219.03,101249.06,1332,1355,'202401121332,30.029999999998836,23,
TSLA,20240112,101249.06,101225.4,1359,1400,'202401121359,-23.660000000003492,1,
TSLA,20240112,101225.4,101209.02,1423,1424,'202401121423,-16.379999999990105,1,
TSLA,20240112,101209.02,101224.49,1428,1440,'202401121428,15.470000000001164,12,
TSLA,20240112,101224.49,101215.39,1531,1533,'202401121531,-9.10000000000582,2,
TSLA,20240112,101215.39,101208.11,1537,1548,'202401121537,-7.279999999998836,11,
